Loan Number,Tell Us About You,Has SSN,US Citizen,Enrollment Status,STEM,Credit Score 1,Credit Score 2,GPA,Approved Loan Amount,Interest Rate,Test Loan,Early Risk Score
35,,Yes,FALSE,2nd Year Graduate,No,630,0,3.74,15500,11.99,0,0
40,,Yes,TRUE,4th Year Undergraduate,No,536,,3.2,10000,9.99,0,#N/A
43,,Yes,FALSE,2nd Year Graduate,No,644,,3.86,10446,11.99,0,0
63,,Yes,FALSE,4th Year Undergraduate,No,688,,3.2,15000,13.99,0,0
65,,No,FALSE,1st Year Graduate,No,,,0,7000,11.99,0,0.5
66,,No,TRUE,3rd Year Undergraduate,No,641,,3,15000,9.99,0,0
67,,No,FALSE,2nd Year Graduate,No,656,,3.33,15000,11.99,0,0
69,,Yes,FALSE,2nd Year Graduate,No,,757,3.3,8000,11.99,0,0
70,,Yes,FALSE,1st Year Graduate,No,644,,3.88,20000,11.99,0,0
71,,Yes,FALSE,3rd Year Graduate,No,670,,3.52,25000,11.99,0,0
74,,Yes,FALSE,2nd Year Graduate,No,682,,3.23,23000,11.99,0,0
83,,Yes,FALSE,2nd Year Graduate,No,614,,3.33,6000,11.99,0,1.4
86,,Yes,FALSE,2nd Year Graduate,No,,,3.23,25000,11.99,0,0
87,,No,FALSE,3rd Year Undergraduate,No,,,3.3,22500,13.99,0,2.9
88,,No,FALSE,1st Year Graduate,No,,757,0,25000,11.99,0,1.7
89,,No,FALSE,Beyond 3rd Year Graduate,No,,,0,25000,11.99,0,0.5
90,,Yes,FALSE,1st Year Graduate,No,742,,0,3300,11.99,0,0
92,,Yes,FALSE,2nd Year Graduate,No,717,,3.95,18000,11.99,0,0
93,,Yes,FALSE,4th Year Undergraduate,No,632,,3.86,12000,13.99,0,2.4
94,,Yes,FALSE,1st Year Graduate,No,,,3.9,25000,11.99,0,0
99,,Yes,FALSE,2nd Year Graduate,No,,,3.34,17500,11.99,0,#N/A
100,,No,FALSE,1st Year Graduate,No,729,0,0,25000,11.99,0,0
103,,Yes,FALSE,2nd Year Graduate,No,685,786,3.95,14500,11.99,0,0
108,,Yes,FALSE,Beyond 3rd Year Graduate,,721,,4,13000,11.99,0,0.5
109,,Yes,FALSE,2nd Year Graduate,No,670,,3.63,16000,11.99,0,0
111,,Yes,FALSE,1st Year Graduate,No,,,3,12000,11.99,0,0
112,,Yes,FALSE,1st Year Graduate,No,655,,0,5197,11.99,0,0.1
113,,Yes,FALSE,4th Year Undergraduate,No,727,,3.25,7500,13.99,0,#N/A
116,,Yes,FALSE,1st Year Graduate,No,,,0,20000,11.99,0,0
117,,Yes,FALSE,1st Year Graduate,No,,743,0,19500,11.99,0,1.3
118,,Yes,FALSE,Beyond 3rd Year Graduate,No,617,,0,10527,11.99,0,0.1
119,,Yes,FALSE,2nd Year Graduate,No,678,,2.68,15000,11.99,0,0.8
120,,Yes,FALSE,1st Year Graduate,No,,,3.8,25000,11.99,0,0
121,,No,FALSE,1st Year Graduate,No,617,0,3.56,4000,11.99,0,0
122,,Yes,TRUE,4th Year Undergraduate,No,677,,3.2,10205,9.99,0,0
123,,Yes,FALSE,2nd Year Graduate,No,631,,3.2,19000,11.99,0,1.1
125,,Yes,FALSE,1st Year Graduate,No,,,0,10000,11.99,0,0
134,,Yes,FALSE,1st Year Graduate,No,753,,3.47,25000,11.99,0,0
137,,No,FALSE,1st Year Graduate,No,,,0,25000,11.99,0,0
138,,Yes,FALSE,5th Year Undergraduate,No,763,,3.31,12000,13.99,0,0
140,,Yes,FALSE,2nd Year Graduate,No,649,,3.75,10000,11.99,0,2.3
141,,Yes,FALSE,Beyond 3rd Year Graduate,No,,,0,5000,11.99,0,1.2
144,,No,FALSE,1st Year Graduate,No,,,2.97,20500,11.99,0,3.1
145,,Yes,FALSE,3rd Year Graduate,No,712,,3.49,15000,11.99,0,0.5
146,,Yes,FALSE,1st Year Graduate,No,719,632,3.35,25000,11.99,0,0
147,,Yes,FALSE,1st Year Graduate,No,,,3.12,15000,11.99,0,0
148,,No,FALSE,1st Year Graduate,No,636,,0,20000,11.99,0,0
149,,No,FALSE,1st Year Graduate,No,,500,2.5,25000,11.99,0,5
150,,Yes,FALSE,2nd Year Graduate,No,655,,4,10000,11.99,0,0.5
151,,No,FALSE,1st Year Graduate,No,,,0,2500,11.99,0,2.3
152,,No,FALSE,1st Year Graduate,No,,,3.77,10000,11.99,0,#N/A
153,,No,FALSE,1st Year Graduate,No,,,0,25000,11.99,0,1
154,,No,FALSE,1st Year Graduate,No,,,0,25000,11.99,0,#N/A
155,,Yes,FALSE,2nd Year Graduate,No,,,3.8,24000,11.99,0,0
156,,Yes,FALSE,1st Year Graduate,No,767,,3.7,25000,11.99,0,#N/A
157,,Yes,FALSE,1st Year Graduate,No,,,3.83,20000,11.99,0,0.5
158,,Yes,FALSE,4th Year Undergraduate,No,625,,3,10500,13.99,0,0.5
159,,No,FALSE,1st Year Graduate,No,,,0,15000,11.99,0,0
160,,Yes,FALSE,2nd Year Graduate,No,,764,3.86,5000,11.99,0,0
161,,Yes,FALSE,1st Year Graduate,No,654,,3.17,25000,11.99,0,2.3
162,,Yes,FALSE,5th Year Undergraduate,No,613,,3.2,13300,13.99,0,0.2
164,,Yes,FALSE,3rd Year Undergraduate,No,,,3.76,25000,13.99,0,0
166,,Yes,FALSE,Beyond 3rd Year Graduate,No,,,0,5000,11.99,0,3.1
172,,No,FALSE,1st Year Graduate,No,,,0,25000,11.99,0,0
180,,No,FALSE,1st Year Graduate,No,,,4,25000,11.99,0,0
183,,Yes,FALSE,4th Year Undergraduate,No,775,,3.97,17000,13.99,0,0
184,,Yes,FALSE,1st Year Graduate,No,,,0,15000,11.99,0,0
185,,No,FALSE,2nd Year Graduate,No,,,0,25000,11.99,0,0
187,,Yes,FALSE,2nd Year Graduate,No,,,3.87,15000,11.99,0,0
189,,Yes,FALSE,1st Year Graduate,No,,,3.45,10000,11.99,0,0
190,,Yes,FALSE,1st Year Graduate,No,668,0,3.2,13000,11.99,0,0
191,,Yes,FALSE,2nd Year Graduate,No,627,,3.78,5490,11.99,0,2.4
192,,No,FALSE,1st Year Graduate,No,,,3.7,20000,11.99,0,0
194,,No,FALSE,1st Year Graduate,No,,,0,16500,11.99,0,2.6
196,,Yes,FALSE,1st Year Graduate,No,677,,0,17000,11.99,0,0
197,,Yes,FALSE,2nd Year Graduate,No,,0,3.87,11100,11.99,0,0
199,,Yes,FALSE,2nd Year Graduate,No,738,,4,14500,11.99,0,0
200,,Yes,FALSE,1st Year Graduate,No,728,,4,25000,11.99,0,0
201,,Yes,FALSE,2nd Year Graduate,No,703,,0,5000,11.99,0,0
202,,Yes,FALSE,4th Year Undergraduate,No,708,,3.93,25000,13.99,0,0
203,,Yes,FALSE,4th Year Undergraduate,No,,,3.52,12000,13.99,0,0
204,,Yes,FALSE,1st Year Graduate,No,,,0,20000,11.99,0,0.2
205,,No,FALSE,1st Year Graduate,No,,,0,12500,11.99,0,2.4
206,,Yes,FALSE,2nd Year Graduate,No,646,,3.55,8000,11.99,0,0.6
207,,Yes,FALSE,1st Year Graduate,No,,,3.33,20000,11.99,0,0
208,,Yes,FALSE,3rd Year Undergraduate,No,631,,0,10000,13.99,0,1
209,,Yes,FALSE,2nd Year Graduate,No,646,,3.73,3000,11.99,0,0
211,,No,FALSE,2nd Year Graduate,No,609,647,3.6,8000,11.99,0,0.2
212,,Yes,FALSE,1st Year Graduate,No,,,3.15,14000,11.99,0,0
214,,Yes,FALSE,2nd Year Graduate,No,631,,3.6,17500,11.99,0,1
216,,Yes,FALSE,1st Year Graduate,No,,,3.7,10000,11.99,0,3.8
222,,Yes,FALSE,1st Year Graduate,No,726,,4,22000,11.99,0,0
223,,No,FALSE,2nd Year Graduate,No,627,,3.37,25000,11.99,0,3.4
224,,Yes,FALSE,1st Year Graduate,No,,0,4,20000,11.99,0,0
225,,No,FALSE,1st Year Graduate,No,,,0,16000,11.99,0,2.9
226,,No,FALSE,1st Year Graduate,No,,,0,25000,11.99,0,0.9
227,,Yes,FALSE,1st Year Graduate,No,640,513,3.3,15000,11.99,0,0
228,,No,TRUE,Beyond 3rd Year Graduate,No,597,,3.54,11784,11.99,0,0
229,,Yes,FALSE,2nd Year Graduate,No,,0,3.87,10000,11.99,0,0.2
230,,Yes,FALSE,3rd Year Undergraduate,No,694,0,3.76,22000,13.99,0,0
231,,No,FALSE,Beyond 3rd Year Graduate,No,,,0,10000,11.99,0,0.6
233,,Yes,FALSE,5th Year Undergraduate,No,651,0,3.17,10000,13.99,0,0
234,,No,FALSE,1st Year Graduate,No,,,0,25000,11.99,0,5
236,,No,FALSE,2nd Year Graduate,No,765,,3.78,8904,11.99,0,#N/A
237,,Yes,FALSE,2nd Year Graduate,No,619,,0,19000,11.99,0,0
243,,Yes,FALSE,4th Year Undergraduate,No,,,3.38,8000,13.99,0,0
244,,Yes,FALSE,2nd Year Graduate,No,676,,3.81,4000,11.99,0,0
245,,Yes,FALSE,1st Year Graduate,No,636,745,0,25000,11.99,0,0.7
246,,Yes,FALSE,1st Year Graduate,No,,,0,20000,11.99,0,0
247,,No,FALSE,2nd Year Graduate,No,,,3.77,25000,11.99,0,0
248,,Yes,FALSE,1st Year Graduate,No,,,3.39,15000,11.99,0,0
249,,No,FALSE,1st Year Graduate,No,,,0,25000,11.99,0,2.4
250,,No,FALSE,1st Year Graduate,No,,,0,25000,11.99,0,0.8
251,,Yes,FALSE,Beyond 3rd Year Graduate,No,667,,3.63,10000,11.99,0,0
252,,Yes,FALSE,2nd Year Graduate,No,761,,3.8,5000,11.99,0,0
253,,No,FALSE,1st Year Graduate,No,,,3,10000,11.99,0,0
254,,Yes,FALSE,2nd Year Graduate,No,,557,3.08,6232,11.99,0,0.2
257,,No,FALSE,3rd Year Undergraduate,No,,,3.32,25000,13.99,0,1.1
258,,Yes,FALSE,1st Year Graduate,No,,,0,10000,11.99,0,0
259,,Yes,FALSE,2nd Year Graduate,No,,0,3.11,8000,11.99,0,0.8
260,,Yes,FALSE,4th Year Undergraduate,No,597,,3.45,16500,13.99,0,3.7
262,,Yes,FALSE,2nd Year Graduate,No,641,,3.8,2200,11.99,0,2.7
263,,Yes,FALSE,3rd Year Graduate,No,717,,3.44,15000,11.99,0,0
264,,Yes,FALSE,2nd Year Graduate,No,709,,3.2,25000,11.99,0,1.1
266,,No,FALSE,1st Year Graduate,No,,612,0,25000,11.99,0,0
267,,No,FALSE,3rd Year Undergraduate,No,,,0,25000,13.99,0,2.6
268,,Yes,FALSE,1st Year Graduate,No,,,3,3500,11.99,0,0
269,,Yes,FALSE,1st Year Graduate,No,771,,3.75,25000,11.99,0,0
270,,Yes,FALSE,2nd Year Graduate,No,618,628,3.88,5000,11.99,0,0
271,,Yes,FALSE,2nd Year Graduate,No,,,2.74,13000,11.99,0,0.3
272,,Yes,FALSE,3rd Year Undergraduate,No,,0,3.3,22500,13.99,0,#N/A
273,,Yes,FALSE,2nd Year Graduate,No,641,,3.71,25000,11.99,0,0
274,,No,FALSE,3rd Year Graduate,No,,,0,25000,11.99,0,0.9
275,,Yes,FALSE,2nd Year Graduate,No,,,3.68,2500,11.99,0,#N/A
278,,Yes,FALSE,1st Year Graduate,No,711,,3.83,10000,11.99,0,0
280,,No,FALSE,1st Year Graduate,No,,,0,10000,11.99,0,0
281,,Yes,FALSE,1st Year Graduate,No,729,,0,17000,11.99,0,3.2
283,,No,FALSE,1st Year Graduate,No,,513,3.46,25000,11.99,0,2.1
285,,No,FALSE,2nd Year Graduate,No,586,,3.5,20000,11.99,0,0
286,,No,FALSE,1st Year Graduate,No,,,0,20000,11.99,0,0
287,,Yes,FALSE,1st Year Graduate,No,,,3.66,10000,11.99,0,0
288,,Yes,FALSE,1st Year Graduate,No,,,3.9,10400,11.99,0,0
289,,No,FALSE,1st Year Graduate,No,686,,0,8000,11.99,0,0
290,,No,FALSE,1st Year Graduate,No,,,3.22,18000,11.99,0,0.6
291,,Yes,FALSE,1st Year Graduate,No,,,4,25000,11.99,0,0
292,,No,FALSE,1st Year Graduate,No,662,,3.2,5000,11.99,0,0
293,,No,FALSE,1st Year Graduate,No,,,3.67,25000,11.99,0,0
294,,Yes,FALSE,1st Year Graduate,No,652,,4,25000,11.99,0,0.6
295,,Yes,FALSE,1st Year Graduate,No,,0,3.78,20000,11.99,0,0
296,,Yes,FALSE,1st Year Graduate,No,739,,0,25000,11.99,0,0
297,,No,FALSE,3rd Year Undergraduate,No,,,3.57,10000,13.99,0,1.3
298,,Yes,FALSE,2nd Year Graduate,No,,0,3.8,13000,11.99,0,0
300,,Yes,TRUE,1st Year Graduate,No,668,,0,25000,7.99,0,0.9
301,,No,FALSE,1st Year Graduate,No,,634,3.92,14000,11.99,0,0.2
302,,No,FALSE,2nd Year Graduate,No,,,3.03,25000,11.99,0,0
303,,Yes,TRUE,4th Year Undergraduate,No,681,,3.6,3710,9.99,0,5
304,,Yes,FALSE,1st Year Graduate,No,796,0,0,25000,11.99,0,0
305,,No,FALSE,1st Year Graduate,No,,0,0,25000,11.99,0,2.8
306,,No,FALSE,1st Year Graduate,No,,,3.22,23000,11.99,0,0
307,,No,FALSE,Beyond 3rd Year Graduate,No,,,0,8000,11.99,0,0
308,,No,FALSE,1st Year Graduate,No,658,,0,20000,11.99,0,0
309,,No,FALSE,2nd Year Graduate,No,628,,3.75,25000,11.99,0,0
310,,No,FALSE,1st Year Graduate,No,731,655,3.8,12000,11.99,0,0.4
311,,No,FALSE,1st Year Graduate,No,,,3.59,25000,11.99,0,1
312,,Yes,FALSE,3rd Year Graduate,No,604,,0,10000,11.99,0,0
313,,No,FALSE,1st Year Graduate,No,,,4,25000,11.99,0,0
314,,Yes,FALSE,3rd Year Undergraduate,No,748,,3.03,9000,13.99,0,0
315,,No,FALSE,1st Year Graduate,No,,,3.25,9500,11.99,0,0
316,,Yes,FALSE,1st Year Graduate,No,,0,0,10000,11.99,0,0
317,,Yes,FALSE,2nd Year Graduate,No,720,688,3.44,4825,11.99,0,0
319,,No,FALSE,1st Year Graduate,No,,,0,15000,11.99,0,0
324,,Yes,FALSE,1st Year Graduate,No,739,,3.83,25000,11.99,0,1.4
325,,Yes,TRUE,4th Year Undergraduate,No,635,,2.98,3680,9.99,0,2.9
326,,No,FALSE,2nd Year Graduate,No,,,3.8,15000,11.99,0,0
327,,No,FALSE,1st Year Graduate,No,733,,3.79,15000,11.99,0,0
329,,Yes,FALSE,2nd Year Graduate,No,,,3.25,6000,11.99,0,2.6
330,,No,FALSE,Beyond 3rd Year Graduate,No,586,,3.5,5000,11.99,0,0
331,,Yes,FALSE,1st Year Graduate,No,,,3.6,6800,11.99,0,#N/A
332,,No,FALSE,2nd Year Graduate,No,681,,3.87,5000,11.99,0,0
334,,Yes,TRUE,3rd Year Undergraduate,No,688,,3.7,2100,9.99,0,0
335,,No,FALSE,1st Year Graduate,No,607,,4,7000,11.99,0,0
336,,Yes,FALSE,2nd Year Graduate,No,647,,3.8,9407,11.99,0,0
337,,Yes,FALSE,Beyond 3rd Year Graduate,No,760,0,3.7,25000,11.99,0,0
338,,Yes,FALSE,2nd Year Graduate,No,694,,3.97,10000,11.99,0,0
339,,Yes,FALSE,1st Year Graduate,No,613,,0,20000,11.99,0,0
340,,No,FALSE,2nd Year Graduate,No,650,,3.51,25000,11.99,0,0
342,,Yes,FALSE,1st Year Graduate,No,622,0,3.3,20000,11.99,0,0
343,,Yes,FALSE,1st Year Graduate,No,,727,3.2,25000,11.99,0,0
344,,Yes,FALSE,1st Year Graduate,No,,,3.91,14000,11.99,0,0
352,,Yes,FALSE,1st Year Graduate,No,,,3,15000,11.99,0,0
353,,No,TRUE,4th Year Undergraduate,No,680,,3.7,2733,9.99,0,0
358,,No,FALSE,1st Year Graduate,No,,,3.73,25000,11.99,0,0
359,,No,FALSE,2nd Year Graduate,No,,,0,12000,11.99,0,5
360,,No,FALSE,1st Year Graduate,No,,0,4,25000,11.99,0,0
361,,Yes,FALSE,1st Year Graduate,No,537,,0,25000,11.99,0,0
364,,No,FALSE,3rd Year Graduate,No,749,,3.18,20000,11.99,0,0
366,,Yes,FALSE,1st Year Graduate,No,,,3.5,15000,11.99,0,0
369,,Yes,FALSE,1st Year Graduate,No,714,792,4,25000,11.99,0,0
370,,Yes,FALSE,4th Year Undergraduate,No,,,3.65,6000,13.99,0,0.2
371,,Yes,FALSE,2nd Year Graduate,No,,,0,5000,11.99,0,0
372,,No,FALSE,Beyond 3rd Year Graduate,No,,,2.84,25000,11.99,0,0
373,,No,FALSE,2nd Year Graduate,No,589,613,3.5,15000,11.99,0,0.3
374,,No,FALSE,3rd Year Graduate,No,643,,3.6,25000,11.99,0,0
375,,No,FALSE,1st Year Graduate,No,633,,4,25000,11.99,0,1.3
376,,Yes,FALSE,Beyond 3rd Year Graduate,No,772,,3,15000,11.99,0,0
378,,Yes,FALSE,2nd Year Graduate,No,681,,3.8,5000,11.99,0,0
379,,Yes,FALSE,3rd Year Undergraduate,No,606,0,3.16,10000,13.99,0,0
380,,Yes,FALSE,1st Year Graduate,No,,,3,25000,11.99,0,0
381,,Yes,FALSE,1st Year Graduate,No,,,3.91,20000,11.99,0,0
383,,Yes,FALSE,4th Year Undergraduate,No,746,,3.08,20000,13.99,0,0.1
384,,Yes,FALSE,5th Year Undergraduate,No,654,0,3.32,22000,13.99,0,0
385,,Yes,FALSE,4th Year Undergraduate,No,645,0,3.21,5965,13.99,0,1.4
386,,No,FALSE,3rd Year Graduate,No,749,,0,12000,11.99,0,0
387,,Yes,TRUE,3rd Year Undergraduate,No,707,,3,13000,9.99,0,0.6
388,,No,FALSE,2nd Year Graduate,No,666,,3.23,15000,11.99,0,1.5
389,,Yes,FALSE,3rd Year Graduate,No,654,,3.58,17226,11.99,0,0
390,,Yes,FALSE,1st Year Graduate,No,,,3.37,12000,11.99,0,1
392,,No,FALSE,2nd Year Graduate,No,632,,0,5000,11.99,0,0.6
393,,Yes,FALSE,1st Year Graduate,No,,,3.1,7000,11.99,0,0
394,,Yes,TRUE,1st Year Undergraduate,No,734,,3.92,15000,9.99,0,4.6
395,,Yes,FALSE,1st Year Graduate,No,759,,3.33,15000,11.99,0,0
396,,Yes,FALSE,2nd Year Graduate,No,686,0,3.3,15000,11.99,0,1.5
397,,Yes,FALSE,1st Year Graduate,No,,,0,25000,11.99,0,0
398,,Yes,FALSE,2nd Year Graduate,No,661,722,0,7000,11.99,0,0
399,,No,FALSE,1st Year Graduate,No,,,3,5000,11.99,0,5
400,,Yes,FALSE,2nd Year Undergraduate,No,,0,3.87,25000,13.99,0,0
401,,Yes,FALSE,1st Year Graduate,No,736,,3.8,25000,11.99,0,0
402,,Yes,FALSE,1st Year Graduate,No,626,,3.62,5000,11.99,0,0
403,,No,FALSE,Beyond 3rd Year Graduate,No,637,,3,2200,11.99,0,4.4
405,,No,FALSE,1st Year Graduate,No,,,0,25000,11.99,0,0
406,,Yes,FALSE,3rd Year Graduate,No,641,,3.59,7000,11.99,0,#N/A
407,,Yes,FALSE,1st Year Graduate,No,601,,3.84,25000,11.99,0,0.2
408,,No,FALSE,1st Year Graduate,No,,,2.9,25000,11.99,0,0
409,,Yes,FALSE,1st Year Graduate,No,,,3.19,23000,11.99,0,0
412,,Yes,TRUE,4th Year Undergraduate,No,708,,0,10500,9.99,0,2.3
414,,Yes,FALSE,2nd Year Graduate,No,614,,3.41,15322,11.99,0,0
415,,Yes,FALSE,1st Year Graduate,No,610,,3.89,7000,11.99,0,0
416,,No,FALSE,1st Year Graduate,No,727,0,3.5,25000,11.99,0,0
417,,Yes,TRUE,3rd Year Undergraduate,No,635,,2.7,6998,9.99,0,0
418,,Yes,FALSE,2nd Year Graduate,No,707,,2.08,25000,11.99,0,0
420,,Yes,FALSE,1st Year Graduate,No,656,0,4,22000,11.99,0,0
421,,Yes,FALSE,1st Year Graduate,No,,,3.62,20000,13.99,0,1.5
423,,No,FALSE,1st Year Graduate,No,733,,0,15000,11.99,0,5
425,,No,FALSE,2nd Year Undergraduate,No,,,0,22000,13.99,0,0.5
427,,No,FALSE,1st Year Graduate,No,,754,0,25000,11.99,0,0
428,,Yes,TRUE,5th Year Undergraduate,No,736,,2.77,4000,9.99,0,0
430,,Yes,FALSE,4th Year Undergraduate,No,,,3.64,3500,13.99,0,0.8
433,I am currently enrolled,Yes,FALSE,1st Year Graduate,No,610,,3.42,9050,11.99,0,0
435,,Yes,FALSE,3rd Year Undergraduate,No,639,,3.35,20000,13.99,0,0
436,,Yes,FALSE,2nd Year Graduate,No,628,755,2.91,8000,11.99,0,0
437,,No,FALSE,1st Year Graduate,No,,711,2.97,25000,11.99,0,#N/A
438,I have been accepted to study,No,FALSE,1st Year Graduate,No,,,0,25000,11.99,0,0
439,,Yes,FALSE,1st Year Graduate,No,,,0,25000,11.99,0,#N/A
440,,No,FALSE,1st Year Graduate,No,,,0,15000,11.99,0,0
441,,No,FALSE,1st Year Graduate,No,,,0,25000,11.99,0,2.6
442,I am thinking about studying,Yes,FALSE,Beyond 3rd Year Graduate,No,657,,3.67,25000,11.99,0,0
447,,Yes,FALSE,4th Year Undergraduate,No,,,3.38,6000,13.99,0,0
448,I am currently enrolled,No,FALSE,3rd Year Undergraduate,Yes,673,,3.75,10000,13.99,0,0
449,,Yes,FALSE,1st Year Graduate,No,,,0,25000,11.99,0,0
450,I have been accepted to study,No,FALSE,2nd Year Graduate,No,,,3.1,25000,11.99,0,3
451,I am currently enrolled,Yes,FALSE,Beyond 3rd Year Graduate,No,679,,3.9,3000,11.99,0,0
452,,No,FALSE,1st Year Graduate,No,,,0,25000,11.99,0,0
453,I am currently enrolled,No,FALSE,1st Year Graduate,No,677,,0,25000,11.99,0,#N/A
455,,No,FALSE,1st Year Graduate,No,,,0,25000,11.99,0,0
459,,Yes,FALSE,4th Year Undergraduate,No,528,0,2.7,14000,13.99,0,0
461,,Yes,FALSE,2nd Year Graduate,No,656,0,0,8500,11.99,0,0
462,,No,FALSE,1st Year Graduate,No,,792,0,25000,11.99,0,1.4
463,,No,FALSE,1st Year Graduate,No,,,3.43,20000,11.99,0,0
464,I am thinking about studying,Yes,FALSE,1st Year Graduate,Yes,,,3.75,25000,11.99,0,0
465,,Yes,FALSE,1st Year Graduate,No,,,0,25000,11.99,0,0.6
466,,No,FALSE,3rd Year Graduate,No,,,0,25000,11.99,0,0.6
470,I have been accepted to study,Yes,FALSE,1st Year Graduate,No,,,0,25000,11.99,0,0
473,I have been accepted to study,No,FALSE,Beyond 3rd Year Graduate,Yes,,797,0,25000,11.99,0,0
474,,No,FALSE,1st Year Graduate,No,,,0,25000,11.99,0,0
476,,Yes,FALSE,1st Year Graduate,No,,,3.04,25000,11.99,0,0
478,,Yes,FALSE,1st Year Graduate,No,,0,0,25000,11.99,0,0
479,I am currently enrolled,Yes,FALSE,3rd Year Graduate,,720,,0,6160,11.99,0,0
480,I have been accepted to study,No,FALSE,1st Year Graduate,No,,,0,15000,11.99,0,1.7
481,I have been accepted to study,No,FALSE,1st Year Graduate,No,,,0,25000,11.99,0,0
482,I am currently enrolled,Yes,FALSE,1st Year Graduate,No,691,746,3.55,8800,11.99,0,0
483,,Yes,FALSE,Beyond 3rd Year Graduate,No,747,0,4,25000,11.99,0,#N/A
484,,No,FALSE,1st Year Graduate,No,,,3.5,25000,11.99,0,4.2
485,I am currently enrolled,Yes,FALSE,2nd Year Graduate,No,720,0,0,25000,11.99,0,0
486,,No,FALSE,1st Year Graduate,No,,,0,25000,11.99,0,0
487,I have been accepted to study,No,FALSE,1st Year Graduate,Yes,,0,0,25000,11.99,0,0
488,,Yes,FALSE,1st Year Graduate,No,,,3.5,9500,11.99,0,0
489,,No,FALSE,1st Year Graduate,No,,,0,25000,11.99,0,0
490,I am currently enrolled,No,FALSE,1st Year Graduate,No,,,3,25000,11.99,0,0
491,I am currently enrolled,No,FALSE,1st Year Graduate,No,,,3,21500,11.99,0,0
492,,No,FALSE,1st Year Graduate,No,,,0,25000,11.99,0,#N/A
495,I am currently enrolled,No,FALSE,1st Year Graduate,No,,,3.96,25000,11.99,0,0
496,I am currently enrolled,Yes,FALSE,2nd Year Undergraduate,Yes,704,,3.35,4000,13.99,0,0.6
497,I have been accepted to study,No,FALSE,1st Year Graduate,Yes,,0,7.5,25000,11.99,0,0.4
498,,Yes,FALSE,1st Year Graduate,No,743,,3.93,25000,11.99,0,0.4
500,I have been accepted to study,No,FALSE,1st Year Graduate,No,,0,0,11000,11.99,0,0
501,I have been accepted to study,Yes,FALSE,1st Year Graduate,Yes,,,0,25000,11.99,0,#N/A
503,,Yes,FALSE,2nd Year Graduate,No,658,,3.62,25000,11.99,0,5
504,I have been accepted to study,No,FALSE,1st Year Graduate,No,,,0,18000,11.99,0,0
506,,No,FALSE,1st Year Graduate,No,,,0,25000,11.99,0,0
508,,Yes,FALSE,2nd Year Graduate,No,688,,3.83,12500,11.99,0,2.8
512,,No,FALSE,1st Year Graduate,No,,,3.74,25000,11.99,0,0
514,I am currently enrolled,No,FALSE,1st Year Graduate,No,639,0,0,25000,11.99,0,0.9
515,,No,FALSE,1st Year Graduate,No,,,0,25000,11.99,0,0
516,I am currently enrolled,Yes,FALSE,3rd Year Graduate,Yes,644,0,3.1,18000,11.99,0,0
517,,No,FALSE,1st Year Graduate,No,,,2.9,25000,11.99,0,1.2
518,I have been accepted to study,No,FALSE,1st Year Graduate,No,,,0,25000,11.99,0,1.2
521,,No,FALSE,1st Year Graduate,No,,0,0,25000,11.99,0,0
522,I have been accepted to study,No,FALSE,1st Year Graduate,No,,0,0,25000,11.99,0,0.2
523,I am currently enrolled,No,FALSE,2nd Year Graduate,No,,0,3.97,16000,11.99,0,0.2
524,I am currently enrolled,No,FALSE,2nd Year Graduate,,645,0,3.91,20000,11.99,0,1.5
525,I am currently enrolled,Yes,FALSE,1st Year Graduate,,751,0,0,25000,11.99,0,0
526,,Yes,FALSE,1st Year Graduate,,,,0,25000,11.99,0,0
528,,Yes,FALSE,1st Year Graduate,No,730,,0,23500,11.99,0,1.3
529,I have been accepted to study,No,FALSE,1st Year Graduate,No,,,0,20000,11.99,0,0.5
530,,No,FALSE,1st Year Graduate,No,,,3.5,25000,11.99,0,0
531,,No,FALSE,1st Year Graduate,No,,,3.5,25000,11.99,1,0
532,I am currently enrolled,No,FALSE,3rd Year Undergraduate,No,,0,3.1,10000,13.99,0,5
533,I am currently enrolled,Yes,FALSE,1st Year Graduate,No,688,,0,7150,11.99,0,0.3
536,I am currently enrolled,Yes,TRUE,3rd Year Undergraduate,No,625,,3.52,5000,9.99,0,0
537,I am currently enrolled,Yes,FALSE,1st Year Graduate,Yes,678,612,8.8,25000,11.99,0,1.3
539,I am currently enrolled,Yes,FALSE,1st Year Graduate,Yes,678,612,8.8,25000,11.99,0,0.3
540,I am currently enrolled,Yes,FALSE,4th Year Undergraduate,No,631,,3.4,20000,13.99,0,0
542,I am currently enrolled,No,FALSE,3rd Year Graduate,No,594,0,3.06,22060,11.99,0,0.2
543,I am currently enrolled,No,FALSE,1st Year Graduate,Yes,641,0,3.27,25000,11.99,0,0.8
544,I have been accepted to study,No,FALSE,1st Year Graduate,No,,0,0,25000,11.99,0,0
546,,Yes,FALSE,1st Year Graduate,Yes,737,,3.87,8000,11.99,0,5
547,,No,FALSE,1st Year Graduate,,,0,0,25000,11.99,0,0
548,I have been accepted to study,No,FALSE,2nd Year Graduate,No,,,3.51,21140,11.99,0,0
549,I am currently enrolled,Yes,FALSE,3rd Year Undergraduate,No,668,0,3.6,12500,13.99,0,1.9
550,I am currently enrolled,Yes,FALSE,2nd Year Graduate,No,648,0,0,25000,11.99,0,0
551,I have been accepted to study,Yes,FALSE,1st Year Graduate,Yes,705,,3.71,15000,11.99,0,0
552,I am currently enrolled,Yes,FALSE,2nd Year Graduate,,625,0,4,13000,11.99,0,1.6
553,I am currently enrolled,Yes,FALSE,2nd Year Graduate,No,741,0,3.74,5000,11.99,0,0
554,I have been accepted to study,Yes,FALSE,1st Year Graduate,Yes,,0,0,25000,11.99,0,#N/A
555,I have been accepted to study,Yes,TRUE,1st Year Graduate,No,700,0,0,4000,7.99,0,0
558,I have been accepted to study,No,FALSE,1st Year Graduate,Yes,,0,0,25000,11.99,0,0
561,,No,FALSE,1st Year Graduate,No,,,0,25000,11.99,0,0
562,I have been accepted to study,No,FALSE,1st Year Graduate,No,,,3.59,15000,11.99,0,2.8
563,I am currently enrolled,No,FALSE,1st Year Graduate,No,,,3.28,11500,11.99,0,0
565,I have been accepted to study,Yes,FALSE,1st Year Graduate,Yes,,746,0,25000,11.99,0,0
566,I am currently enrolled,No,FALSE,1st Year Graduate,No,,0,0,12000,11.99,0,0
567,I have been accepted to study,No,FALSE,1st Year Graduate,Yes,,0,0,25000,11.99,0,0.8
568,I have been accepted to study,Yes,FALSE,1st Year Graduate,No,765,,0,25000,11.99,0,0
570,I have been accepted to study,No,FALSE,1st Year Graduate,No,,0,0,25000,11.99,0,0
575,I am thinking about studying,No,FALSE,3rd Year Undergraduate,No,,,0,25000,13.99,0,0
578,I have been accepted to study,No,FALSE,1st Year Graduate,Yes,,,3,12232,11.99,0,0
579,I am currently enrolled,Yes,FALSE,2nd Year Graduate,No,,0,3.56,13500,11.99,0,0
580,I am currently enrolled,No,FALSE,2nd Year Graduate,No,,,3.75,5000,11.99,0,0
581,I have been accepted to study,No,FALSE,Beyond 3rd Year Graduate,No,,,0,25000,11.99,0,0.4
582,I am currently enrolled,Yes,FALSE,2nd Year Graduate,,694,0,3.74,8000,11.99,0,0.9
583,I have been accepted to study,Yes,FALSE,1st Year Graduate,No,,0,0,22000,11.99,0,0
584,I have been accepted to study,Yes,FALSE,1st Year Graduate,,,,0,20000,11.99,0,3
585,,No,FALSE,3rd Year Graduate,No,,,3.65,20000,11.99,0,0
586,,No,FALSE,3rd Year Graduate,No,,,0,17000,11.99,0,1.6
587,I am currently enrolled,No,FALSE,1st Year Graduate,Yes,,0,0,25000,11.99,0,0
588,,No,FALSE,1st Year Graduate,No,,0,3,25000,11.99,0,#N/A
589,,No,FALSE,1st Year Graduate,No,,0,3,25000,11.99,1,0
590,I am currently enrolled,No,FALSE,2nd Year Graduate,No,,0,0,20000,11.99,0,0
592,I have been accepted to study,Yes,FALSE,1st Year Graduate,No,,0,0,25000,11.99,0,1.1
593,I have been accepted to study,No,FALSE,1st Year Graduate,Yes,,,3.76,21000,11.99,0,0
594,I have been accepted to study,Yes,FALSE,1st Year Graduate,Yes,740,0,0,25000,11.99,0,#N/A
595,I am currently enrolled,No,FALSE,1st Year Graduate,No,,0,0,25000,11.99,0,0
601,I have been accepted to study,No,FALSE,1st Year Graduate,No,,664,0,19500,11.99,0,0
604,I have been accepted to study,Yes,FALSE,1st Year Graduate,,,0,0,25000,11.99,0,1.4
605,I have been accepted to study,No,FALSE,1st Year Graduate,No,,0,0,25000,11.99,0,0
606,I have been accepted to study,Yes,FALSE,3rd Year Undergraduate,No,666,0,3.52,15000,11.99,0,0
607,I have applied to study,No,FALSE,1st Year Graduate,No,,0,0,25000,11.99,0,0
608,,Yes,FALSE,1st Year Graduate,No,793,,0,12000,11.99,0,0
609,I have been accepted to study,Yes,FALSE,1st Year Graduate,Yes,,,0,25000,11.99,0,0
610,I have been accepted to study,No,FALSE,Beyond 3rd Year Graduate,,,,0,12000,11.99,0,0
614,I have been accepted to study,No,FALSE,Beyond 3rd Year Graduate,,,,0,25000,11.99,0,0
615,I am currently enrolled,No,FALSE,1st Year Graduate,,,,3.96,5000,11.99,0,1.5
616,,No,FALSE,1st Year Graduate,No,,,0,25000,11.99,0,1.5
617,I have been accepted to study,Yes,FALSE,1st Year Graduate,Yes,653,0,0,25000,11.99,0,1.1
618,,Yes,FALSE,1st Year Graduate,No,753,,3.6,15000,11.99,0,0
619,I am currently enrolled,Yes,FALSE,2nd Year Graduate,No,718,0,3.24,25000,11.99,0,0
620,I have been accepted to study,No,FALSE,Beyond 3rd Year Graduate,No,,755,0,25000,11.99,0,0
621,I am currently enrolled,No,FALSE,3rd Year Undergraduate,No,,0,3.71,25000,13.99,0,0.4
622,I am currently enrolled,Yes,FALSE,1st Year Graduate,Yes,,0,3.43,7000,11.99,0,0
623,I am currently enrolled,No,FALSE,1st Year Graduate,No,,0,0,25000,11.99,0,4.5
624,I am currently enrolled,No,FALSE,3rd Year Graduate,No,725,0,3.51,14000,11.99,0,0
626,I am currently enrolled,Yes,FALSE,1st Year Graduate,Yes,746,0,3.58,25000,11.99,0,0
627,I am currently enrolled,Yes,FALSE,1st Year Graduate,No,,0,3.75,25000,11.99,0,#N/A
628,I am currently enrolled,Yes,FALSE,1st Year Graduate,No,629,0,3.54,24000,11.99,0,0.9
629,I am currently enrolled,Yes,FALSE,3rd Year Undergraduate,Yes,,0,2.9,25000,13.99,0,0.8
630,I have been accepted to study,Yes,FALSE,1st Year Graduate,No,,0,0,25000,11.99,0,#N/A
631,I am currently enrolled,Yes,FALSE,2nd Year Graduate,Yes,657,0,3.06,15000,11.99,0,2.3
632,I am currently enrolled,Yes,FALSE,1st Year Graduate,Yes,727,,3.66,25000,11.99,0,0
633,I am currently enrolled,Yes,FALSE,2nd Year Graduate,Yes,700,0,3.87,25000,11.99,0,0
636,,Yes,FALSE,2nd Year Graduate,,572,0,0,15000,11.99,0,1.3
637,I am currently enrolled,No,FALSE,4th Year Undergraduate,,,0,3.63,25000,13.99,0,0
638,,Yes,FALSE,1st Year Graduate,No,,0,0,20000,11.99,0,0
640,I have been accepted to study,No,FALSE,1st Year Graduate,No,,0,0,25000,11.99,0,0
641,I have been accepted to study,No,FALSE,1st Year Graduate,No,,0,0,25000,11.99,0,0
642,I have been accepted to study,No,FALSE,1st Year Graduate,No,,0,0,25000,11.99,0,0
643,,Yes,FALSE,1st Year Graduate,No,,,3.43,25000,11.99,0,0
645,I am currently enrolled,No,FALSE,1st Year Graduate,Yes,,755,3.5,25000,11.99,0,1.4
646,I am currently enrolled,Yes,TRUE,3rd Year Undergraduate,No,,0,2.5,12500,9.99,0,0
647,I am currently enrolled,Yes,FALSE,2nd Year Graduate,,739,0,3.65,25000,11.99,0,0
648,I am currently enrolled,Yes,FALSE,2nd Year Graduate,,739,0,3.65,25000,11.99,0,0
649,I have been accepted to study,Yes,FALSE,1st Year Graduate,,711,,3.46,25000,11.99,0,1.9
650,I have been accepted to study,Yes,FALSE,1st Year Graduate,No,711,,3.46,9000,11.99,0,0
651,I am currently enrolled,No,FALSE,1st Year Graduate,No,677,,3.5,7000,11.99,0,0
652,I have been accepted to study,No,FALSE,1st Year Graduate,Yes,,0,0,12500,11.99,0,1.4
653,I am currently enrolled,No,FALSE,1st Year Graduate,Yes,613,0,3.89,24000,11.99,0,0.9
655,I have been accepted to study,No,FALSE,1st Year Graduate,No,,,0,25000,11.99,0,0
656,I am currently enrolled,Yes,FALSE,4th Year Undergraduate,Yes,633,0,0,25000,13.99,0,0.8
657,I am currently enrolled,Yes,FALSE,2nd Year Graduate,Yes,631,743,3.45,7000,11.99,0,0
658,I am currently enrolled,Yes,FALSE,2nd Year Graduate,Yes,631,743,3.45,7000,11.99,0,0
659,I am currently enrolled,Yes,FALSE,2nd Year Graduate,No,678,0,0,25000,7.99,0,0
660,I am currently enrolled,No,FALSE,2nd Year Graduate,Yes,,792,3.66,25000,11.99,0,2.8
661,I have been accepted to study,No,FALSE,1st Year Graduate,No,,0,0,19000,11.99,0,0
663,I am currently enrolled,Yes,FALSE,1st Year Graduate,Yes,641,0,3.2,4000,11.99,0,0
667,I have been accepted to study,No,FALSE,1st Year Graduate,No,,0,0,25000,11.99,0,#N/A
668,I am currently enrolled,Yes,FALSE,1st Year Graduate,Yes,,0,3.5,25000,11.99,0,0
669,,Yes,FALSE,2nd Year Graduate,No,671,,3.3,25000,11.99,0,0
670,I have been accepted to study,No,FALSE,1st Year Graduate,,,0,0,17000,11.99,0,0
671,I have been accepted to study,No,FALSE,1st Year Graduate,Yes,,0,0,25000,11.99,0,0
672,I am currently enrolled,Yes,FALSE,1st Year Graduate,No,,745,3,6000,11.99,0,0
673,I have been accepted to study,No,FALSE,1st Year Graduate,No,,0,0,15000,11.99,0,5
674,I am currently enrolled,No,FALSE,1st Year Graduate,No,591,0,3.88,25000,11.99,0,0
675,I have been accepted to study,No,FALSE,Beyond 3rd Year Graduate,No,,0,0,25000,11.99,0,0
676,I am currently enrolled,Yes,FALSE,4th Year Undergraduate,Yes,719,0,3.18,21420,13.99,0,0
677,I am currently enrolled,No,FALSE,2nd Year Graduate,Yes,,764,3.81,25000,11.99,0,0
678,I am currently enrolled,Yes,TRUE,4th Year Undergraduate,,719,0,2.9,4000,9.99,0,0
679,I am currently enrolled,Yes,FALSE,1st Year Graduate,No,779,,3,20000,11.99,0,0
680,I am currently enrolled,No,FALSE,3rd Year Graduate,No,728,0,0,25000,11.99,0,0
681,I am thinking about studying,Yes,FALSE,1st Year Graduate,No,,,3.33,25000,11.99,0,0.2
682,I am currently enrolled,Yes,FALSE,2nd Year Graduate,,733,0,3.23,12000,11.99,0,0
683,I am currently enrolled,No,FALSE,1st Year Graduate,No,,0,0,7500,11.99,0,0
684,I have been accepted to study,Yes,FALSE,1st Year Graduate,No,,0,0,25000,11.99,0,0.3
685,I am currently enrolled,No,FALSE,2nd Year Graduate,,701,0,3.7,20000,11.99,0,0
686,I have been accepted to study,No,FALSE,1st Year Graduate,No,,0,0,18280,11.99,0,0.6
687,I have been accepted to study,No,FALSE,1st Year Graduate,No,,,8.45,14000,11.99,0,0
688,I have been accepted to study,Yes,FALSE,1st Year Graduate,No,,0,0,25000,11.99,0,0
689,I have been accepted to study,No,FALSE,1st Year Graduate,Yes,,0,0,14000,11.99,0,0
690,I am currently enrolled,Yes,FALSE,2nd Year Graduate,No,633,0,3.92,15500,11.99,0,0
692,I am currently enrolled,Yes,FALSE,1st Year Graduate,,,0,3.72,25000,11.99,0,0
693,I am currently enrolled,Yes,FALSE,1st Year Graduate,,,0,3.72,25000,11.99,0,0
694,I am currently enrolled,Yes,FALSE,1st Year Graduate,Yes,588,0,3.3,25000,11.99,0,0
695,I am currently enrolled,Yes,FALSE,1st Year Graduate,Yes,712,655,0,25000,11.99,0,2.3
696,I am currently enrolled,Yes,FALSE,2nd Year Graduate,Yes,715,0,3.6,25000,11.99,0,0
697,I am currently enrolled,No,FALSE,3rd Year Graduate,No,,0,3.25,25000,11.99,0,0
698,I am currently enrolled,No,FALSE,4th Year Undergraduate,No,,0,0,15000,13.99,0,0
699,I have been accepted to study,No,FALSE,1st Year Graduate,No,,0,0,25000,11.99,0,0
700,I am currently enrolled,Yes,FALSE,4th Year Undergraduate,Yes,621,0,3,5600,13.99,0,0
701,,No,FALSE,1st Year Graduate,No,,,3,25000,11.99,0,1.6
702,I have been accepted to study,Yes,FALSE,1st Year Graduate,Yes,639,0,0,25000,11.99,0,0
703,,No,FALSE,Beyond 3rd Year Graduate,No,,,0,25000,11.99,0,3.5
704,I am currently enrolled,No,FALSE,1st Year Graduate,Yes,,0,3.6,23500,11.99,0,0
705,I have been accepted to study,No,FALSE,1st Year Graduate,No,,0,0,15500,11.99,0,5
706,I am currently enrolled,Yes,TRUE,3rd Year Undergraduate,No,649,0,3.49,9500,9.99,0,0.2
707,I am currently enrolled,No,TRUE,4th Year Undergraduate,No,645,0,2.6,22500,9.99,0,0
708,I have been accepted to study,Yes,TRUE,5th Year Undergraduate,No,,0,0,25000,9.99,0,4.2
709,I am currently enrolled,No,FALSE,1st Year Graduate,No,,715,0,7500,11.99,0,0.8
711,I am currently enrolled,Yes,FALSE,2nd Year Graduate,Yes,623,0,3.87,25000,11.99,0,0
712,I have been accepted to study,Yes,FALSE,1st Year Graduate,No,,0,0,14369,11.99,0,2.1
714,I have been accepted to study,No,FALSE,1st Year Graduate,Yes,,0,0,25000,11.99,0,#N/A
715,I have been accepted to study,No,FALSE,1st Year Graduate,Yes,,0,0,25000,11.99,1,#N/A
716,I have been accepted to study,No,FALSE,1st Year Graduate,No,,0,0,21000,11.99,0,0
717,,Yes,FALSE,1st Year Graduate,No,,0,0,25000,11.99,0,0
718,I am currently enrolled,Yes,FALSE,1st Year Graduate,Yes,,0,0,25000,11.99,0,0
719,I am currently enrolled,Yes,TRUE,3rd Year Undergraduate,Yes,704,0,3.2,15000,9.99,0,0
720,,No,FALSE,1st Year Graduate,No,,,0,14000,11.99,0,0
721,I am currently enrolled,Yes,FALSE,2nd Year Graduate,No,702,0,3.83,12500,11.99,0,0
724,I am currently enrolled,Yes,FALSE,2nd Year Graduate,Yes,692,0,3.94,17000,11.99,0,2.8
725,I have been accepted to study,No,FALSE,4th Year Undergraduate,,629,544,3.82,25000,13.99,0,1.3
730,I have been accepted to study,No,FALSE,4th Year Undergraduate,No,629,0,3.82,12500,13.99,0,0
731,I have been accepted to study,No,FALSE,1st Year Graduate,No,,0,0,20000,11.99,0,0
732,I have been accepted to study,No,FALSE,1st Year Graduate,No,,0,0,15218,11.99,0,0.4
733,I have been accepted to study,Yes,FALSE,1st Year Graduate,,708,0,0,25000,11.99,0,0
735,I have been accepted to study,Yes,FALSE,1st Year Graduate,No,,0,0,25000,11.99,0,0
736,,No,FALSE,Beyond 3rd Year Graduate,No,,,0,16000,11.99,0,0
737,I have been accepted to study,No,FALSE,2nd Year Graduate,,,0,0,5500,11.99,0,0
740,I have been accepted to study,Yes,FALSE,1st Year Graduate,,741,0,0,25000,11.99,0,5
741,I have been accepted to study,No,FALSE,1st Year Graduate,Yes,,0,0,25000,11.99,0,0
742,I have been accepted to study,No,FALSE,1st Year Graduate,No,,0,0,25000,11.99,0,0
743,I am currently enrolled,Yes,FALSE,2nd Year Graduate,,599,,3.51,15000,11.99,0,0
744,I am currently enrolled,No,FALSE,2nd Year Graduate,,630,0,3.56,14500,11.99,0,0
745,I have been accepted to study,Yes,FALSE,1st Year Graduate,Yes,683,0,0,25000,11.99,0,0.4
747,,Yes,FALSE,1st Year Graduate,No,,,0,25000,11.99,0,0
748,I am currently enrolled,Yes,FALSE,2nd Year Graduate,No,,,3.35,18241,11.99,0,0
750,I have been accepted to study,No,FALSE,1st Year Graduate,No,,612,0,14000,11.99,0,0
751,I have been accepted to study,No,FALSE,1st Year Graduate,No,,0,0,25000,11.99,0,0
752,I have been accepted to study,Yes,FALSE,1st Year Graduate,No,,0,0,25000,11.99,0,0
755,I have been accepted to study,Yes,FALSE,1st Year Graduate,No,,0,0,25000,11.99,0,0
756,I am currently enrolled,Yes,FALSE,Beyond 3rd Year Graduate,No,719,768,3.5,25000,11.99,0,0
757,I am currently enrolled,Yes,TRUE,4th Year Undergraduate,,639,,2.9,3500,9.99,0,0
758,I am currently enrolled,No,FALSE,1st Year Graduate,No,,,0,11500,11.99,0,0
759,I have been accepted to study,No,FALSE,1st Year Graduate,No,,700,0,25000,11.99,0,0
760,I have been accepted to study,No,FALSE,1st Year Graduate,Yes,,0,0,25000,11.99,0,0
761,I am currently enrolled,Yes,FALSE,2nd Year Graduate,No,639,828,3.96,15100,11.99,0,0
762,I am currently enrolled,No,FALSE,1st Year Graduate,Yes,,,4,14900,11.99,0,0
763,I have been accepted to study,No,FALSE,1st Year Undergraduate,Yes,,,0,25000,13.99,0,#N/A
764,I am currently enrolled,No,FALSE,1st Year Graduate,Yes,,0,0,25000,11.99,0,0
765,I am currently enrolled,Yes,FALSE,3rd Year Undergraduate,No,,,3.5,2500,13.99,0,0
766,I have been accepted to study,Yes,FALSE,1st Year Graduate,No,,0,0,10000,11.99,0,0
767,I have been accepted to study,Yes,FALSE,3rd Year Undergraduate,No,728,0,0,20000,13.99,0,0
768,I am currently enrolled,No,FALSE,3rd Year Undergraduate,No,,0,3.7,10000,13.99,0,2.3
770,I am currently enrolled,Yes,FALSE,3rd Year Undergraduate,Yes,642,0,3.8,25000,13.99,0,#N/A
771,I am currently enrolled,Yes,FALSE,Beyond 3rd Year Graduate,Yes,633,0,3.59,25000,11.99,0,0
772,I am currently enrolled,Yes,FALSE,4th Year Undergraduate,Yes,688,0,3.3,25000,13.99,0,0
773,I have been accepted to study,Yes,FALSE,1st Year Graduate,Yes,712,632,0,25000,11.99,0,0
774,I am currently enrolled,Yes,FALSE,2nd Year Graduate,Yes,643,0,0,25000,11.99,0,0
775,I am currently enrolled,Yes,FALSE,2nd Year Graduate,No,716,0,3.1,20000,11.99,0,5
776,I am currently enrolled,Yes,FALSE,2nd Year Graduate,No,716,0,3.1,20000,11.99,0,0
778,I have been accepted to study,Yes,FALSE,1st Year Graduate,No,762,0,0,25000,11.99,0,0
779,I am currently enrolled,Yes,FALSE,2nd Year Graduate,No,662,0,3.38,25000,11.99,0,0
780,I am currently enrolled,Yes,FALSE,4th Year Undergraduate,Yes,,,3.01,7400,13.99,0,#N/A
781,I am currently enrolled,No,FALSE,1st Year Graduate,,614,0,3.85,25000,11.99,0,1.4
782,I have been accepted to study,No,FALSE,1st Year Graduate,Yes,,0,0,25000,11.99,0,0
783,I am currently enrolled,No,FALSE,1st Year Graduate,Yes,,752,0,15000,11.99,0,1.5
784,I am currently enrolled,No,FALSE,2nd Year Graduate,Yes,631,751,3.73,12000,11.99,0,0
785,I have been accepted to study,No,FALSE,3rd Year Undergraduate,No,,0,0,24000,13.99,0,0
786,I have been accepted to study,Yes,FALSE,1st Year Graduate,No,741,0,3.8,14000,11.99,0,0.4
787,I am currently enrolled,Yes,FALSE,2nd Year Graduate,No,714,0,3.8,25000,11.99,0,#N/A
788,I have been accepted to study,No,FALSE,1st Year Graduate,Yes,,,0,21000,11.99,0,0
789,I am currently enrolled,No,FALSE,1st Year Graduate,No,612,0,0,25000,11.99,0,0
790,I have been accepted to study,No,FALSE,Beyond 3rd Year Graduate,No,,,4.37,18000,11.99,0,0
793,I have been accepted to study,Yes,FALSE,1st Year Graduate,No,736,0,0,25000,11.99,0,2.4
794,I have been accepted to study,Yes,FALSE,1st Year Graduate,,783,0,0,10000,11.99,0,#N/A
795,I have been accepted to study,No,FALSE,1st Year Graduate,No,,0,0,12000,11.99,0,2.7
796,I have been accepted to study,No,FALSE,1st Year Graduate,No,,,0,25000,11.99,0,0
797,I am currently enrolled,Yes,FALSE,1st Year Graduate,No,740,0,3.42,25000,11.99,0,1.2
798,I am currently enrolled,No,FALSE,2nd Year Graduate,Yes,658,,3.95,25000,11.99,0,5
799,I am currently enrolled,Yes,FALSE,1st Year Graduate,Yes,687,,0,25000,11.99,0,0
800,I am currently enrolled,No,FALSE,2nd Year Graduate,No,687,0,3.97,14500,11.99,0,0
801,I have been accepted to study,Yes,FALSE,1st Year Graduate,No,,0,0,25000,11.99,0,0
802,I have been accepted to study,Yes,FALSE,1st Year Graduate,No,711,0,0,10000,11.99,0,0
803,I have been accepted to study,No,FALSE,1st Year Graduate,Yes,,0,3.9,25000,11.99,0,#N/A
804,I am currently enrolled,No,FALSE,2nd Year Graduate,No,713,0,3.54,25000,11.99,0,#N/A
805,I am currently enrolled,Yes,FALSE,1st Year Graduate,No,668,0,3.83,13000,11.99,0,0
806,I have been accepted to study,Yes,FALSE,1st Year Graduate,No,,0,0,25000,11.99,0,0
807,I am currently enrolled,Yes,FALSE,1st Year Graduate,No,756,0,0,8000,11.99,0,0
808,I am currently enrolled,No,FALSE,2nd Year Graduate,No,616,0,3,14500,11.99,0,0
809,I have been accepted to study,No,FALSE,1st Year Graduate,No,,0,0,20000,11.99,0,0.6
810,I am currently enrolled,No,FALSE,3rd Year Undergraduate,Yes,624,0,3.1,25000,13.99,0,1
812,I am currently enrolled,Yes,FALSE,3rd Year Graduate,No,693,0,3.48,9421.86,11.99,0,0
813,I have been accepted to study,Yes,FALSE,1st Year Graduate,Yes,675,0,0,25000,11.99,0,1.1
814,I have been accepted to study,No,FALSE,1st Year Graduate,No,,0,0,15000,11.99,0,#N/A
815,I am currently enrolled,No,TRUE,4th Year Undergraduate,No,,0,3.3,25000,9.99,0,1.3
816,I am currently enrolled,Yes,FALSE,2nd Year Graduate,Yes,,744,3.12,12000,11.99,0,0
817,I am currently enrolled,Yes,FALSE,2nd Year Graduate,No,,0,4,25000,11.99,0,0
818,I have been accepted to study,Yes,FALSE,1st Year Graduate,No,,0,0,3500,11.99,0,0
819,I am currently enrolled,Yes,FALSE,3rd Year Undergraduate,,683,0,3.2,10000,9.99,0,0
820,I have been accepted to study,No,TRUE,3rd Year Undergraduate,No,,0,0,24000,9.99,0,0
821,,No,FALSE,2nd Year Graduate,No,,,0,18000,11.99,0,0
822,I am currently enrolled,Yes,FALSE,1st Year Graduate,No,607,0,0,6000,11.99,0,0
823,I am currently enrolled,Yes,FALSE,2nd Year Graduate,Yes,,0,3.33,25000,11.99,0,2.6
824,I am currently enrolled,Yes,FALSE,1st Year Graduate,Yes,,0,3.56,25000,11.99,0,2.8
825,I have been accepted to study,Yes,FALSE,1st Year Graduate,,704,0,0,25000,11.99,0,2.3
826,I am currently enrolled,Yes,FALSE,1st Year Graduate,,693,0,3.13,25000,11.99,0,0
827,,No,FALSE,1st Year Graduate,Yes,,791,0,25000,11.99,0,0
828,I am currently enrolled,No,FALSE,1st Year Graduate,No,,0,0,15000,11.99,0,2.2
830,I have been accepted to study,No,FALSE,1st Year Graduate,No,,602,0,8500,11.99,0,1
831,I am currently enrolled,Yes,FALSE,2nd Year Graduate,,,0,3.54,25000,11.99,0,0
832,I am currently enrolled,Yes,FALSE,2nd Year Graduate,No,,0,3.7,25000,11.99,0,0
833,I have been accepted to study,No,FALSE,1st Year Graduate,No,,0,0,14000,11.99,0,1.4
834,I am currently enrolled,No,FALSE,4th Year Undergraduate,No,,,0,16100,13.99,0,2.9
835,I am currently enrolled,Yes,FALSE,3rd Year Undergraduate,,684,,3.27,15000,13.99,0,0
836,I am currently enrolled,No,FALSE,3rd Year Undergraduate,Yes,751,0,0,25000,13.99,0,0
838,,Yes,FALSE,4th Year Undergraduate,Yes,,0,3.83,15000,13.99,0,0
839,I have been accepted to study,No,FALSE,1st Year Graduate,No,747,0,0,25000,11.99,0,0.2
840,I have been accepted to study,Yes,FALSE,1st Year Graduate,,,0,0,25000,11.99,0,0
841,I am currently enrolled,Yes,FALSE,1st Year Graduate,No,,0,0,9500,11.99,0,2.8
842,I am currently enrolled,Yes,FALSE,4th Year Undergraduate,No,654,0,3.69,16000,13.99,0,0.5
843,I am currently enrolled,No,FALSE,2nd Year Graduate,Yes,760,0,3.83,20000,11.99,0,0
844,I have been accepted to study,No,FALSE,1st Year Graduate,No,711,,0,25000,11.99,0,0
845,I am currently enrolled,No,FALSE,1st Year Graduate,Yes,634,0,0,25000,11.99,0,0
846,I am currently enrolled,Yes,FALSE,1st Year Graduate,No,,0,3.43,25000,11.99,0,1.1
847,I am currently enrolled,Yes,FALSE,Beyond 3rd Year Graduate,No,,0,3.58,25000,11.99,0,#N/A
848,I have been accepted to study,No,FALSE,1st Year Graduate,No,,0,0,25000,11.99,0,0
849,,No,FALSE,Beyond 3rd Year Graduate,No,,,0,25000,11.99,0,0
851,I am currently enrolled,No,FALSE,2nd Year Graduate,No,,0,0,25000,11.99,0,0.8
852,I am currently enrolled,Yes,TRUE,3rd Year Undergraduate,,676,0,3.32,13000,9.99,0,0
853,I have been accepted to study,No,FALSE,1st Year Graduate,No,,0,0,17000,11.99,0,3.7
854,I am currently enrolled,Yes,FALSE,1st Year Graduate,No,755,0,0,5000,11.99,0,0
855,I am currently enrolled,Yes,FALSE,1st Year Graduate,No,,0,3,17500,11.99,0,0
856,I am currently enrolled,Yes,FALSE,3rd Year Undergraduate,No,695,0,3.71,7000,13.99,0,0.1
857,I am currently enrolled,Yes,FALSE,4th Year Undergraduate,No,761,0,3,8000,13.99,0,0
858,I am currently enrolled,No,FALSE,1st Year Graduate,No,,0,0,25000,11.99,0,0
859,I am currently enrolled,Yes,FALSE,1st Year Graduate,No,724,0,0,25000,11.99,0,0
860,I am currently enrolled,Yes,FALSE,2nd Year Graduate,Yes,683,0,3.6,17000,11.99,0,0.5
861,I am currently enrolled,No,FALSE,3rd Year Undergraduate,Yes,,0,0,25000,13.99,0,0
862,I have been accepted to study,Yes,FALSE,3rd Year Undergraduate,Yes,649,0,3.4,25000,13.99,0,#N/A
863,I am currently enrolled,No,FALSE,2nd Year Graduate,No,686,0,0,25000,11.99,0,0
864,I am currently enrolled,No,TRUE,3rd Year Undergraduate,No,648,0,3.15,6000,9.99,0,0
865,I am currently enrolled,Yes,FALSE,2nd Year Graduate,Yes,,0,4,12000,11.99,0,2.4
866,I have been accepted to study,Yes,TRUE,1st Year Graduate,No,,0,0,25000,7.99,0,0.3
869,I have been accepted to study,Yes,TRUE,1st Year Graduate,No,,0,0,25000,7.99,1,0
870,I am currently enrolled,Yes,FALSE,3rd Year Graduate,No,694,0,0,25000,11.99,0,0.3
871,I am currently enrolled,No,FALSE,2nd Year Graduate,Yes,607,0,3.92,25000,11.99,0,#N/A
873,I am currently enrolled,Yes,TRUE,3rd Year Undergraduate,No,632,0,3.4,12400,9.99,0,1.6
874,I am currently enrolled,Yes,FALSE,3rd Year Graduate,No,,601,0,25000,11.99,0,1.5
876,I am currently enrolled,No,FALSE,2nd Year Graduate,No,,0,3.22,16000,11.99,0,1.9
877,I am currently enrolled,No,FALSE,2nd Year Graduate,No,,0,3.1,25000,11.99,0,2.7
880,I am currently enrolled,No,FALSE,2nd Year Graduate,Yes,,0,3.84,15000,11.99,0,0
881,I have been accepted to study,No,FALSE,1st Year Graduate,No,,0,0,11000,11.99,0,3.9
882,I have been accepted to study,No,FALSE,Beyond 3rd Year Graduate,No,,0,3.4,25000,11.99,0,0
883,I am currently enrolled,Yes,TRUE,3rd Year Undergraduate,Yes,,0,3.6,16500,9.99,0,0.5
884,I am currently enrolled,Yes,FALSE,2nd Year Graduate,No,,631,3.7,12500,11.99,0,0
885,I have been accepted to study,No,FALSE,1st Year Graduate,Yes,,0,0,10500,11.99,0,0
887,I am currently enrolled,No,FALSE,1st Year Graduate,Yes,,0,0,25000,11.99,0,1.6
889,I am currently enrolled,No,FALSE,1st Year Graduate,No,,0,0,13000,11.99,0,0
1752,I am currently enrolled,Yes,FALSE,2nd Year Graduate,No,625,0,0,15000,11.99,0,0
1753,I have been accepted to study,Yes,FALSE,1st Year Graduate,Yes,639,0,0,25000,11.99,0,0
1755,I am currently enrolled,Yes,FALSE,4th Year Undergraduate,Yes,,0,3.89,25000,13.99,0,0
1761,I am currently enrolled,Yes,FALSE,1st Year Graduate,No,651,0,0,9500,11.99,0,5
1762,I am currently enrolled,No,FALSE,Beyond 3rd Year Graduate,Yes,,0,3.5,12000,11.99,0,#N/A
1764,I am currently enrolled,Yes,FALSE,3rd Year Graduate,No,628,0,3.31,25000,11.99,0,0
1765,I am currently enrolled,Yes,FALSE,2nd Year Graduate,Yes,700,0,3.6,12000,11.99,0,0
1766,I have been accepted to study,Yes,FALSE,1st Year Graduate,No,780,0,0,25000,11.99,0,0
1768,I am currently enrolled,Yes,FALSE,2nd Year Graduate,Yes,,0,4,13000,11.99,0,0
1769,I am currently enrolled,Yes,FALSE,1st Year Graduate,Yes,595,0,3.62,12000,11.99,0,0
1770,I am currently enrolled,No,FALSE,Beyond 3rd Year Graduate,No,621,0,3.51,25000,11.99,0,2.8
1771,I have been accepted to study,Yes,FALSE,1st Year Graduate,Yes,682,0,0,22000,11.99,0,0
1773,I am currently enrolled,Yes,FALSE,1st Year Graduate,No,,0,0,25000,11.99,0,0.9
1774,I am currently enrolled,Yes,FALSE,3rd Year Graduate,No,616,0,3.91,20000,11.99,0,0
1775,I am currently enrolled,Yes,FALSE,1st Year Graduate,Yes,,0,3.7,25000,11.99,0,0.3
1776,I have been accepted to study,No,FALSE,1st Year Graduate,No,,,0,24000,11.99,0,0
1777,I have been accepted to study,No,FALSE,1st Year Graduate,No,,0,0,16500,11.99,0,0
1778,I am currently enrolled,Yes,FALSE,1st Year Graduate,No,,0,0,20000,11.99,0,0
1779,,Yes,FALSE,3rd Year Graduate,No,689,0,2.78,18000,11.99,0,0
1781,I am currently enrolled,Yes,FALSE,2nd Year Graduate,Yes,691,0,3.52,16500,11.99,0,0
1782,I am currently enrolled,Yes,FALSE,1st Year Graduate,No,640,0,0,25000,11.99,0,0
1783,I have been accepted to study,No,FALSE,1st Year Graduate,No,,0,0,22000,11.99,0,0
1784,I have been accepted to study,No,FALSE,1st Year Graduate,No,,,0,14000,11.99,0,0
1786,I am currently enrolled,Yes,FALSE,2nd Year Graduate,Yes,632,0,3.34,15000,11.99,0,0
1787,I have been accepted to study,Yes,TRUE,3rd Year Undergraduate,No,663,0,3.5,13000,9.99,0,0.8
1789,I have been accepted to study,Yes,FALSE,3rd Year Undergraduate,Yes,,0,0,25000,13.99,0,0
1791,I am currently enrolled,Yes,FALSE,2nd Year Graduate,No,,0,3.2,10000,11.99,0,0
1792,I am currently enrolled,Yes,FALSE,2nd Year Graduate,No,,0,3.2,10000,11.99,1,0
1793,I am currently enrolled,No,FALSE,4th Year Undergraduate,Yes,681,0,3.2,10000,13.99,0,2.9
1795,I am currently enrolled,Yes,FALSE,1st Year Graduate,No,,0,3.34,21000,11.99,0,1.3
1796,,Yes,FALSE,1st Year Graduate,No,,0,0,25000,11.99,0,0
1797,I am currently enrolled,No,FALSE,1st Year Graduate,No,724,0,0,23400,11.99,0,0
1798,I am currently enrolled,Yes,FALSE,1st Year Graduate,No,,0,0,15000,11.99,0,0
1800,I am currently enrolled,Yes,FALSE,Beyond 3rd Year Graduate,Yes,656,752,3.43,8500,11.99,0,0.5
1801,I am currently enrolled,Yes,FALSE,2nd Year Graduate,No,600,0,3.67,13000,11.99,0,0
1802,I am currently enrolled,Yes,FALSE,2nd Year Graduate,No,581,0,3.87,16000,11.99,0,0
1803,,Yes,FALSE,4th Year Undergraduate,Yes,737,0,3.33,25000,13.99,0,1
1804,I am currently enrolled,No,TRUE,3rd Year Undergraduate,No,703,0,3.55,11000,9.99,0,0
1805,I am currently enrolled,Yes,FALSE,2nd Year Graduate,No,611,0,3.11,7000,11.99,0,2.6
1808,I have been accepted to study,Yes,FALSE,3rd Year Undergraduate,Yes,632,0,3.8,25000,13.99,0,0
1809,I am currently enrolled,Yes,TRUE,5th Year Undergraduate,,719,0,2.9,13000,9.99,0,1.3
1810,I am currently enrolled,No,FALSE,1st Year Graduate,Yes,,0,0,25000,11.99,0,0
1811,I am currently enrolled,Yes,FALSE,2nd Year Graduate,Yes,630,0,0,7000,11.99,0,0
1812,I have been accepted to study,Yes,FALSE,1st Year Graduate,No,,0,0,11000,11.99,0,0
1813,I am currently enrolled,No,FALSE,1st Year Graduate,No,,0,0,10000,11.99,0,0
1814,I have been accepted to study,Yes,FALSE,1st Year Graduate,Yes,722,0,0,15000,11.99,0,0.9
1815,I am currently enrolled,Yes,FALSE,2nd Year Graduate,No,706,0,3.64,8200,11.99,0,5
1816,I am currently enrolled,Yes,FALSE,3rd Year Undergraduate,Yes,650,0,3.2,14110,13.99,0,0
1817,I am currently enrolled,No,FALSE,3rd Year Undergraduate,Yes,624,0,3.1,25000,13.99,0,0
1818,I am currently enrolled,Yes,FALSE,4th Year Undergraduate,No,,0,3.2,10000,13.99,0,0
1819,I am currently enrolled,No,FALSE,1st Year Graduate,No,,0,0,25000,11.99,0,4.3
1820,I am currently enrolled,No,FALSE,1st Year Graduate,No,,0,0,20000,11.99,0,0
1821,I have been accepted to study,Yes,FALSE,1st Year Graduate,No,,0,0,5000,11.99,0,0
1822,I have been accepted to study,No,FALSE,1st Year Graduate,No,,0,0,25000,11.99,0,5
1823,I am currently enrolled,No,FALSE,2nd Year Graduate,No,686,0,3.8,15000,11.99,0,0
1824,I am currently enrolled,Yes,TRUE,4th Year Undergraduate,No,619,0,2.57,10000,9.99,0,0
1825,I am currently enrolled,Yes,FALSE,2nd Year Graduate,Yes,704,0,3.83,7200,11.99,0,0
1826,I am currently enrolled,No,FALSE,1st Year Graduate,No,,0,0,24292,11.99,0,0
1827,I am currently enrolled,Yes,FALSE,4th Year Undergraduate,Yes,,0,2.58,16400,13.99,0,0
1828,I am currently enrolled,No,FALSE,1st Year Graduate,Yes,,0,0,15000,11.99,0,0
1829,I am currently enrolled,No,FALSE,1st Year Graduate,No,,0,0,25000,11.99,0,0
1830,I am currently enrolled,Yes,FALSE,3rd Year Undergraduate,Yes,,0,4,11000,13.99,0,0
1831,I have been accepted to study,No,FALSE,1st Year Graduate,,,,0,6000,11.99,0,5
1832,I am currently enrolled,Yes,FALSE,Beyond 3rd Year Graduate,Yes,609,0,4,8000,11.99,0,0
1833,I am currently enrolled,Yes,FALSE,3rd Year Undergraduate,Yes,734,0,3.92,4500,9.99,0,1.4
1837,I have been accepted to study,No,FALSE,1st Year Graduate,No,,0,0,25000,11.99,0,0
1838,I am currently enrolled,No,FALSE,1st Year Graduate,No,,0,0,25000,11.99,0,0
1839,I have been accepted to study,Yes,FALSE,3rd Year Undergraduate,Yes,,0,3.5,25000,13.99,0,3
1841,I am currently enrolled,Yes,FALSE,2nd Year Graduate,Yes,673,0,3.7,9515,11.99,0,#N/A
1842,I am currently enrolled,Yes,FALSE,3rd Year Undergraduate,Yes,639,0,4,16000,13.99,0,#N/A
1843,I am currently enrolled,Yes,FALSE,2nd Year Graduate,Yes,711,0,3.63,25000,11.99,0,0
1844,I am currently enrolled,Yes,FALSE,1st Year Graduate,Yes,,0,3.77,20000,11.99,0,#N/A
1845,I am currently enrolled,No,FALSE,1st Year Graduate,Yes,,0,0,25000,11.99,0,0
1847,I have been accepted to study,No,FALSE,1st Year Graduate,No,,0,0,16500,11.99,0,0
1848,I am thinking about studying,Yes,TRUE,4th Year Undergraduate,No,,0,0,17000,9.99,0,0.6
1849,I am thinking about studying,Yes,TRUE,4th Year Undergraduate,No,,0,0,17000,9.99,0,0
1851,I have been accepted to study,No,FALSE,1st Year Graduate,No,,0,0,25000,11.99,0,1.4
1852,I am currently enrolled,Yes,TRUE,3rd Year Undergraduate,,641,0,0,3500,9.99,0,2.9
1853,I am currently enrolled,No,TRUE,5th Year Undergraduate,No,657,0,2.54,5415,9.99,0,0
1854,,Yes,FALSE,1st Year Graduate,No,702,0,3.2,25000,11.99,0,0
1855,I am currently enrolled,No,FALSE,1st Year Graduate,No,,0,0,3500,11.99,0,3.5
1856,I have been accepted to study,No,FALSE,1st Year Graduate,No,,,0,20318,11.99,0,0.2
1857,I am currently enrolled,Yes,FALSE,4th Year Undergraduate,Yes,549,0,3.1,4700,13.99,0,1.1
1860,I am currently enrolled,No,FALSE,1st Year Graduate,No,,754,0,13500,11.99,0,0.6
1861,I am currently enrolled,Yes,FALSE,3rd Year Undergraduate,No,,0,3.89,6000,13.99,0,0
1862,I am currently enrolled,No,FALSE,2nd Year Graduate,Yes,,0,3.94,6000,11.99,0,0
1863,I am currently enrolled,Yes,FALSE,2nd Year Graduate,Yes,628,0,3.84,8000,11.99,0,0
1864,I am currently enrolled,Yes,FALSE,1st Year Graduate,No,756,0,3.66,2300,11.99,0,0
1865,I am currently enrolled,Yes,FALSE,1st Year Graduate,Yes,735,0,0,12000,11.99,0,0.7
1866,I am currently enrolled,No,FALSE,1st Year Graduate,Yes,,0,0,25000,11.99,0,0
1867,I am currently enrolled,Yes,FALSE,3rd Year Undergraduate,Yes,,0,3.28,25000,13.99,0,0.6
1868,I am currently enrolled,Yes,FALSE,3rd Year Undergraduate,Yes,,0,3.66,25000,13.99,0,0
1870,I have been accepted to study,No,FALSE,1st Year Graduate,Yes,,0,0,25000,11.99,0,0
1871,I am currently enrolled,Yes,FALSE,3rd Year Undergraduate,Yes,,0,3.18,15000,13.99,0,0
1873,I am currently enrolled,Yes,FALSE,4th Year Undergraduate,No,,0,3,10400,13.99,0,0
1875,I am currently enrolled,Yes,FALSE,3rd Year Undergraduate,No,640,0,2.72,7000,13.99,0,1.9
1876,I am currently enrolled,Yes,FALSE,2nd Year Graduate,No,,0,3.98,15000,11.99,0,0
1878,I have been accepted to study,No,FALSE,1st Year Graduate,Yes,,782,0,25000,11.99,0,0
1880,I am currently enrolled,Yes,FALSE,2nd Year Graduate,Yes,655,0,3.14,2500,11.99,0,0
1882,I have been accepted to study,Yes,FALSE,1st Year Graduate,No,644,0,0,25000,11.99,0,0
1884,I am currently enrolled,No,FALSE,1st Year Graduate,Yes,,0,0,25000,11.99,0,0
1886,I am currently enrolled,No,FALSE,1st Year Graduate,No,,0,0,10500,11.99,0,0
1887,I am currently enrolled,No,FALSE,2nd Year Graduate,No,609,0,3.9,13000,11.99,0,0
1888,I am currently enrolled,Yes,FALSE,3rd Year Undergraduate,Yes,,0,3.7,8000,13.99,0,0
1889,I am currently enrolled,Yes,FALSE,3rd Year Undergraduate,Yes,772,0,3.74,25000,13.99,0,0
1891,I am currently enrolled,Yes,FALSE,Beyond 3rd Year Graduate,Yes,740,0,3.99,13000,11.99,0,0
1892,I am currently enrolled,Yes,FALSE,1st Year Graduate,No,737,792,0,25000,11.99,0,0
1893,I am currently enrolled,No,FALSE,2nd Year Graduate,No,,0,2.74,13000,11.99,0,0
1895,I am currently enrolled,Yes,FALSE,5th Year Undergraduate,Yes,763,0,3.35,25000,13.99,0,1
1896,I am currently enrolled,No,FALSE,3rd Year Undergraduate,Yes,,0,3.2,9000,13.99,0,0
1897,I am currently enrolled,Yes,TRUE,3rd Year Undergraduate,No,632,0,2.5,7000,9.99,0,0
1898,I am currently enrolled,Yes,FALSE,2nd Year Graduate,No,716,0,4,15000,11.99,0,5
1899,I am currently enrolled,Yes,FALSE,2nd Year Graduate,Yes,,743,3.67,7500,11.99,0,0
1900,I am currently enrolled,Yes,FALSE,4th Year Undergraduate,Yes,743,0,3.36,25000,13.99,0,3.1
1901,I am currently enrolled,Yes,TRUE,3rd Year Undergraduate,Yes,615,0,3,13000,9.99,0,0
1902,I am thinking about studying,No,FALSE,1st Year Graduate,No,,0,0,7500,11.99,0,0.9
1903,I am currently enrolled,Yes,FALSE,3rd Year Undergraduate,Yes,,0,3.09,25000,13.99,0,0
1904,I am currently enrolled,No,FALSE,5th Year Undergraduate,Yes,735,0,3.3,25000,13.99,0,0
1905,I am currently enrolled,Yes,FALSE,3rd Year Undergraduate,No,749,0,3,16901,13.99,0,0
1906,I have been accepted to study,Yes,FALSE,1st Year Graduate,No,,0,0,20000,11.99,0,0
1907,I am currently enrolled,No,FALSE,1st Year Graduate,Yes,,0,0,6500,11.99,0,0
1908,I am currently enrolled,Yes,FALSE,3rd Year Undergraduate,No,,0,0,15000,13.99,0,#N/A
1910,I am currently enrolled,Yes,FALSE,2nd Year Graduate,No,702,0,3.12,25000,11.99,0,4.2
1915,I am currently enrolled,No,FALSE,1st Year Graduate,No,,0,0,25000,11.99,0,0
1916,I am currently enrolled,Yes,FALSE,Beyond 3rd Year Graduate,No,,0,0,25000,11.99,0,3.1
1917,I am currently enrolled,Yes,FALSE,Beyond 3rd Year Graduate,No,,0,0,25000,11.99,0,0
1918,I am currently enrolled,Yes,FALSE,1st Year Graduate,No,,0,0,25000,11.99,0,1.8
1919,I am currently enrolled,Yes,FALSE,2nd Year Graduate,No,,0,3.6,18000,11.99,0,0.4
1920,I am currently enrolled,Yes,TRUE,3rd Year Undergraduate,No,649,0,3.6,11000,9.99,0,2.3
1921,I am currently enrolled,Yes,FALSE,2nd Year Graduate,Yes,,0,3.5,25000,11.99,0,0
1922,I am currently enrolled,No,FALSE,1st Year Graduate,No,609,0,3.9,12000,11.99,0,0
1923,I am currently enrolled,Yes,FALSE,2nd Year Graduate,Yes,620,0,3.66,25000,11.99,0,0
1924,I am currently enrolled,Yes,FALSE,3rd Year Graduate,Yes,,0,3.75,2001,11.99,0,0
1925,I am currently enrolled,Yes,FALSE,4th Year Undergraduate,Yes,,0,3.46,20000,13.99,0,1.9
1927,I am currently enrolled,Yes,FALSE,2nd Year Graduate,Yes,671,0,3.67,6000,11.99,0,0
1928,I am currently enrolled,Yes,FALSE,2nd Year Graduate,No,,0,3.08,25000,11.99,0,0
1929,I am currently enrolled,Yes,FALSE,3rd Year Graduate,Yes,732,783,0,20000,11.99,0,0
1930,I am currently enrolled,No,FALSE,1st Year Graduate,Yes,,0,0,10000,11.99,0,0
1931,I am currently enrolled,Yes,FALSE,1st Year Graduate,No,,0,0,9500,11.99,0,0
1933,I am currently enrolled,Yes,FALSE,1st Year Graduate,No,736,0,0,15000,11.99,0,0
1935,I am currently enrolled,Yes,FALSE,2nd Year Graduate,No,618,,3.48,4500,11.99,0,0
1936,I am currently enrolled,Yes,FALSE,2nd Year Graduate,No,616,0,3.33,25000,11.99,0,0.8
1937,I am currently enrolled,No,FALSE,1st Year Graduate,Yes,,0,4,19000,11.99,0,0
1938,I am currently enrolled,No,FALSE,1st Year Graduate,No,713,0,0,25000,11.99,0,2
1940,I am currently enrolled,No,FALSE,1st Year Graduate,No,,0,0,25000,11.99,0,0
1944,I have been accepted to study,Yes,FALSE,1st Year Graduate,Yes,,0,0,25000,11.99,0,2
1945,I am currently enrolled,No,FALSE,1st Year Graduate,No,,0,0,25000,11.99,0,0.3
1946,I am currently enrolled,No,FALSE,1st Year Graduate,Yes,634,,0,25000,11.99,0,0.5
1947,I am currently enrolled,Yes,FALSE,3rd Year Graduate,Yes,634,,3.1,4000,11.99,0,0
1948,I am currently enrolled,Yes,FALSE,2nd Year Graduate,Yes,,701,3.3,21000,11.99,0,0
1950,I am currently enrolled,No,FALSE,1st Year Graduate,No,,0,0,25000,11.99,0,2.3
1951,I am currently enrolled,Yes,TRUE,4th Year Undergraduate,No,673,0,3.7,16000,9.99,0,0
1952,I have been accepted to study,Yes,TRUE,3rd Year Undergraduate,No,738,0,3.9,25000,9.99,0,2.3
1953,I am currently enrolled,Yes,FALSE,4th Year Undergraduate,Yes,642,0,3.2,9000,13.99,0,#N/A
1956,I have been accepted to study,No,FALSE,1st Year Graduate,Yes,,,0,20000,11.99,0,0
1958,I am currently enrolled,Yes,FALSE,4th Year Undergraduate,Yes,,,3.5,6000,13.99,0,0
1959,I am currently enrolled,No,FALSE,1st Year Graduate,Yes,,0,0,20000,11.99,0,0
1960,I am currently enrolled,Yes,FALSE,2nd Year Graduate,Yes,663,0,3.3,9500,11.99,0,3.6
1961,I am currently enrolled,Yes,FALSE,2nd Year Graduate,No,698,0,3.85,9000,11.99,0,3.6
1962,I am currently enrolled,Yes,FALSE,4th Year Undergraduate,Yes,,,3,2001,13.99,0,3
1963,I am currently enrolled,No,FALSE,4th Year Undergraduate,Yes,,0,3.29,18100,13.99,0,1.4
1964,I am currently enrolled,No,FALSE,1st Year Graduate,No,,0,0,15500,11.99,0,0
1965,I am currently enrolled,No,FALSE,1st Year Graduate,No,,736,0,25000,11.99,0,0
1966,I am currently enrolled,Yes,FALSE,5th Year Undergraduate,No,757,0,3.88,12000,13.99,0,0
1970,I am currently enrolled,Yes,FALSE,1st Year Graduate,Yes,653,0,3.58,5000,7.99,0,0
1971,I am currently enrolled,No,FALSE,2nd Year Graduate,No,742,0,3.14,25000,11.99,0,0
1972,I am currently enrolled,No,FALSE,1st Year Graduate,No,624,0,0,15000,11.99,0,0
1973,I am currently enrolled,No,FALSE,3rd Year Graduate,No,,0,0,25000,11.99,0,0
1974,I have been accepted to study,No,FALSE,1st Year Graduate,Yes,,0,0,25000,11.99,0,0
1976,I have been accepted to study,No,FALSE,1st Year Graduate,No,,0,0,25000,11.99,0,0
1978,I am currently enrolled,No,FALSE,3rd Year Undergraduate,No,,0,3.51,20000,13.99,0,0
1980,I am currently enrolled,Yes,FALSE,4th Year Undergraduate,Yes,761,,3,7000,13.99,0,0
1982,I am currently enrolled,Yes,TRUE,3rd Year Undergraduate,Yes,641,0,2.65,7480,9.99,0,0
1983,I am currently enrolled,No,FALSE,2nd Year Undergraduate,Yes,720,0,3.2,18500,13.99,0,0
1984,I am currently enrolled,Yes,FALSE,1st Year Graduate,Yes,,0,0,3000,11.99,0,0
1985,I have been accepted to study,Yes,FALSE,1st Year Graduate,No,759,0,0,25000,11.99,0,2.8
1986,I am currently enrolled,No,FALSE,1st Year Graduate,No,739,0,0,25000,11.99,0,#N/A
1987,I am currently enrolled,Yes,FALSE,1st Year Graduate,No,,,3.54,19000,11.99,0,0
1988,I am currently enrolled,Yes,FALSE,2nd Year Graduate,Yes,,0,0,25000,11.99,0,0
1990,I am currently enrolled,No,FALSE,2nd Year Graduate,Yes,735,0,0,25000,11.99,0,0.6
1991,I am currently enrolled,Yes,FALSE,2nd Year Graduate,No,693,0,3.75,9000,11.99,0,0
1992,I have been accepted to study,No,FALSE,1st Year Graduate,Yes,,0,0,25000,11.99,0,1.8
1993,I am currently enrolled,Yes,FALSE,4th Year Undergraduate,Yes,728,0,3.6,18000,13.99,0,0
1994,I am currently enrolled,No,FALSE,3rd Year Undergraduate,No,,0,3.4,10000,13.99,0,1.9
1995,I am currently enrolled,No,FALSE,1st Year Graduate,No,619,765,3.7,25000,11.99,0,0
1996,I have been accepted to study,No,FALSE,1st Year Graduate,Yes,,0,0,25000,11.99,0,0.7
1997,I am currently enrolled,Yes,TRUE,3rd Year Undergraduate,No,597,,0,10200,9.99,0,1.1
1999,I am currently enrolled,Yes,FALSE,2nd Year Graduate,No,706,0,3.67,2001,11.99,0,0
2001,I am currently enrolled,Yes,FALSE,2nd Year Graduate,No,,733,3.6,18600,11.99,0,0.8
2002,I am currently enrolled,Yes,FALSE,3rd Year Undergraduate,No,,0,0,7600,13.99,0,0
2003,I am currently enrolled,Yes,FALSE,3rd Year Undergraduate,Yes,,0,3.87,25000,13.99,0,0
2004,I am currently enrolled,Yes,FALSE,1st Year Graduate,No,725,0,0,15000,11.99,0,0.4
2005,I am currently enrolled,Yes,FALSE,1st Year Graduate,No,,,3.87,7000,11.99,0,0
2008,I am currently enrolled,No,FALSE,Beyond 3rd Year Graduate,No,,0,0,14000,11.99,0,0
2009,I am currently enrolled,Yes,FALSE,1st Year Graduate,No,,0,0,25000,11.99,0,0.5
2010,I am currently enrolled,No,FALSE,4th Year Undergraduate,Yes,,0,3.61,25000,13.99,0,0
2011,I am currently enrolled,No,FALSE,4th Year Undergraduate,Yes,,0,3.61,25000,13.99,0,1.1
2012,I am currently enrolled,Yes,FALSE,1st Year Graduate,No,773,0,4,25000,11.99,0,0
2013,I am currently enrolled,Yes,FALSE,1st Year Graduate,No,,0,0,16600,11.99,0,0.8
2014,I have applied to study,No,FALSE,1st Year Graduate,Yes,,0,0,25000,11.99,0,0
2015,I am currently enrolled,Yes,TRUE,4th Year Undergraduate,Yes,649,0,2.6,6500,9.99,0,0
2017,I am currently enrolled,No,FALSE,2nd Year Graduate,Yes,664,654,3.76,16000,11.99,0,0
2018,I am currently enrolled,Yes,FALSE,3rd Year Undergraduate,Yes,,0,2.91,16000,13.99,0,0
2019,I am currently enrolled,No,FALSE,2nd Year Graduate,No,682,0,0,25000,11.99,0,0
2020,I am currently enrolled,No,FALSE,Beyond 3rd Year Graduate,No,670,0,4,7271,11.99,0,0
2021,I am currently enrolled,Yes,FALSE,1st Year Graduate,Yes,,0,0,3500,11.99,0,#N/A
2023,I am currently enrolled,Yes,FALSE,1st Year Graduate,Yes,,0,0,10474,11.99,0,0
2024,I have been accepted to study,Yes,TRUE,3rd Year Graduate,No,685,0,3.17,25000,7.99,0,0
2025,I have been accepted to study,No,FALSE,1st Year Graduate,Yes,,586,0,25000,11.99,0,#N/A
2026,I am currently enrolled,Yes,FALSE,4th Year Undergraduate,Yes,649,0,0,25000,13.99,0,#N/A
2027,I am currently enrolled,Yes,FALSE,1st Year Graduate,Yes,,0,0,25000,11.99,0,0
2028,I am currently enrolled,No,FALSE,1st Year Graduate,No,,0,0,7500,11.99,0,0
2029,I am currently enrolled,Yes,FALSE,2nd Year Graduate,Yes,622,0,3.8,6000,11.99,0,0
2030,I am currently enrolled,Yes,FALSE,1st Year Graduate,Yes,641,0,0,25000,11.99,0,2.4
2031,I am currently enrolled,Yes,FALSE,1st Year Graduate,Yes,641,0,0,25000,11.99,1,0.5
2033,I am currently enrolled,Yes,FALSE,2nd Year Graduate,Yes,639,0,2.9,10000,11.99,0,0
2034,I am currently enrolled,No,FALSE,1st Year Graduate,Yes,,0,0,25000,11.99,0,0
2035,I am currently enrolled,Yes,FALSE,5th Year Undergraduate,Yes,,0,3.32,25000,13.99,0,0
2036,I am currently enrolled,No,FALSE,1st Year Graduate,Yes,,0,0,23920,11.99,0,0
2037,I am currently enrolled,No,FALSE,1st Year Graduate,Yes,,,0,15000,11.99,0,0
2038,I am currently enrolled,No,FALSE,1st Year Graduate,Yes,632,791,3.67,10000,11.99,0,0
2039,I am currently enrolled,Yes,FALSE,3rd Year Undergraduate,No,698,0,3.9,25000,13.99,0,0
2040,I am currently enrolled,Yes,FALSE,2nd Year Graduate,No,,0,3.4,4000,11.99,0,0.8
2041,I have been accepted to study,No,FALSE,1st Year Graduate,No,,0,0,25000,11.99,0,0
2042,I am currently enrolled,Yes,FALSE,2nd Year Graduate,Yes,679,0,3.82,25000,11.99,0,0
2043,I am currently enrolled,No,FALSE,3rd Year Undergraduate,Yes,,0,3.81,16000,13.99,0,0
2044,I am currently enrolled,Yes,FALSE,1st Year Graduate,No,,0,0,8400,11.99,0,0
2045,I am currently enrolled,Yes,FALSE,4th Year Undergraduate,No,,0,3.33,25000,13.99,0,0
2046,I have been accepted to study,Yes,FALSE,1st Year Graduate,Yes,,0,0,25000,7.99,0,0
2048,I am currently enrolled,Yes,FALSE,1st Year Graduate,Yes,783,0,3.33,25000,11.99,0,0
2049,I am currently enrolled,No,FALSE,1st Year Graduate,No,,0,0,20000,11.99,0,0.7
2050,I am currently enrolled,No,FALSE,1st Year Graduate,Yes,,788,0,25000,11.99,0,0
2051,I am currently enrolled,No,FALSE,1st Year Graduate,No,,0,0,25000,11.99,0,0
2053,I am currently enrolled,Yes,FALSE,3rd Year Graduate,Yes,,0,3.89,25000,11.99,0,4.6
2054,I am currently enrolled,No,FALSE,2nd Year Graduate,No,,0,3.62,24500,11.99,0,2.7
2055,I am currently enrolled,Yes,FALSE,4th Year Undergraduate,No,,0,3.34,25000,13.99,0,0
2056,I am currently enrolled,Yes,FALSE,1st Year Graduate,No,,0,3.8,25000,11.99,0,0
2057,I am currently enrolled,Yes,FALSE,1st Year Graduate,No,,0,0,25000,11.99,0,0
2059,I am currently enrolled,No,FALSE,1st Year Graduate,Yes,,,0,19000,11.99,0,#N/A
2060,I have been accepted to study,No,FALSE,1st Year Graduate,Yes,743,0,0,25000,11.99,0,0
2061,I am currently enrolled,No,FALSE,1st Year Graduate,No,,667,0,18000,11.99,0,0
2062,I am currently enrolled,Yes,FALSE,1st Year Graduate,Yes,726,0,3,16500,11.99,0,0
2063,I am currently enrolled,Yes,FALSE,2nd Year Graduate,No,,643,3.5,9000,11.99,0,0
2064,I have been accepted to study,Yes,TRUE,1st Year Undergraduate,No,629,0,0,3700,9.99,0,0
2065,I have been accepted to study,Yes,FALSE,1st Year Graduate,No,,0,0,25000,11.99,0,0
2066,I am currently enrolled,Yes,FALSE,1st Year Graduate,No,643,0,3.5,12000,11.99,0,0
2069,I am currently enrolled,Yes,FALSE,1st Year Graduate,No,,0,0,15500,11.99,0,1.2
2070,I am currently enrolled,Yes,FALSE,2nd Year Graduate,No,,0,3.43,18000,11.99,0,0
2071,I am currently enrolled,No,FALSE,3rd Year Undergraduate,Yes,,0,0,25000,13.99,0,0
2072,I am currently enrolled,No,FALSE,1st Year Graduate,No,,0,0,25000,11.99,0,0
2073,I am currently enrolled,No,FALSE,1st Year Graduate,Yes,,0,0,25000,11.99,0,0
2074,I have been accepted to study,No,FALSE,1st Year Graduate,No,,,0,25000,11.99,0,0
2076,I have been accepted to study,No,FALSE,5th Year Undergraduate,Yes,683,0,0,25000,13.99,0,0
2077,I have been accepted to study,No,FALSE,5th Year Undergraduate,Yes,683,0,0,25000,13.99,0,0
2078,I am currently enrolled,Yes,FALSE,5th Year Undergraduate,Yes,,0,3.5,10000,13.99,0,0
2079,I am currently enrolled,Yes,FALSE,2nd Year Graduate,Yes,,705,3.67,13500,11.99,0,0
2080,I am currently enrolled,Yes,FALSE,1st Year Graduate,No,,0,0,25000,11.99,0,0
2081,I am currently enrolled,Yes,FALSE,1st Year Graduate,No,,0,0,25000,11.99,0,0
2082,I am currently enrolled,No,FALSE,Beyond 3rd Year Graduate,No,,0,0,25000,11.99,0,0
2083,I am currently enrolled,Yes,FALSE,2nd Year Graduate,Yes,651,0,3,20000,11.99,0,0
2084,I am currently enrolled,Yes,FALSE,2nd Year Graduate,No,,,3.1,25000,11.99,0,0
2085,I am currently enrolled,Yes,FALSE,1st Year Graduate,No,,0,0,5780,11.99,0,0.9
2086,I am currently enrolled,No,FALSE,1st Year Graduate,No,,,0,2500,11.99,0,0
2087,I am currently enrolled,Yes,FALSE,1st Year Graduate,No,,0,0,15000,11.99,0,0.5
2088,I am currently enrolled,Yes,FALSE,2nd Year Graduate,No,641,0,3.41,2001,11.99,0,0
2089,I am currently enrolled,Yes,FALSE,2nd Year Graduate,No,,725,3.52,25000,11.99,0,2.3
2090,I am currently enrolled,Yes,FALSE,2nd Year Graduate,No,750,0,3.66,18887,11.99,0,0
2091,I am currently enrolled,Yes,FALSE,1st Year Graduate,No,772,0,0,25000,11.99,0,0
2093,I am currently enrolled,Yes,FALSE,1st Year Graduate,Yes,667,,0,18000,11.99,0,0
2094,I have been accepted to study,No,FALSE,1st Year Graduate,No,,0,0,25000,11.99,0,0
2095,I am currently enrolled,Yes,FALSE,1st Year Graduate,No,596,0,0,16000,11.99,0,0
2096,I am currently enrolled,No,FALSE,1st Year Graduate,No,,,0,15000,11.99,0,0
2097,I have been accepted to study,No,FALSE,1st Year Graduate,Yes,,0,0,25000,11.99,0,0
2098,I am currently enrolled,No,TRUE,4th Year Undergraduate,No,,0,3.2,23000,9.99,0,0
2099,I am currently enrolled,Yes,FALSE,2nd Year Graduate,Yes,681,0,0,20700,11.99,0,0
2100,I have been accepted to study,Yes,FALSE,5th Year Undergraduate,Yes,729,0,3.69,15000,13.99,0,0
2101,I am currently enrolled,Yes,FALSE,2nd Year Graduate,No,,0,3.86,15000,11.99,0,3.5
2102,I am currently enrolled,Yes,FALSE,1st Year Graduate,Yes,751,0,0,25000,11.99,0,1.8
2103,I am currently enrolled,Yes,FALSE,1st Year Graduate,No,643,,3.5,10810,11.99,0,0
2104,I have been accepted to study,No,FALSE,1st Year Graduate,Yes,,0,0,22000,11.99,0,0.8
2105,I am currently enrolled,Yes,FALSE,2nd Year Graduate,Yes,598,,3.17,8500,11.99,0,0
2106,I have been accepted to study,Yes,FALSE,Beyond 3rd Year Graduate,No,,0,0,25000,11.99,0,1
2107,I am currently enrolled,No,FALSE,1st Year Graduate,Yes,,0,3.4,21794,11.99,0,0.7
2108,I have been accepted to study,No,FALSE,1st Year Graduate,Yes,,0,0,25000,11.99,0,0.7
2109,I am currently enrolled,Yes,FALSE,4th Year Undergraduate,Yes,730,0,3.2,10000,13.99,0,0.7
2110,I am currently enrolled,Yes,FALSE,2nd Year Graduate,No,631,0,3.52,6000,11.99,0,#N/A
2111,I have been accepted to study,No,FALSE,Beyond 3rd Year Graduate,No,,764,0,25000,11.99,0,0
2113,I am currently enrolled,No,FALSE,2nd Year Graduate,Yes,763,0,3.82,23000,11.99,0,0
2114,I am currently enrolled,No,FALSE,2nd Year Graduate,Yes,,0,3.3,20000,11.99,0,0
2115,I am currently enrolled,Yes,FALSE,1st Year Graduate,No,628,0,3.19,15000,11.99,0,0.5
2116,I am currently enrolled,No,FALSE,3rd Year Undergraduate,Yes,,588,0,25000,13.99,0,0
2117,I am currently enrolled,No,FALSE,3rd Year Undergraduate,Yes,,588,0,25000,13.99,0,0
2118,I am currently enrolled,Yes,FALSE,2nd Year Graduate,Yes,720,0,3.8,25000,11.99,0,0
2119,I am currently enrolled,Yes,FALSE,3rd Year Undergraduate,Yes,686,0,3.48,17742,13.99,0,0
2121,I am currently enrolled,Yes,FALSE,1st Year Graduate,Yes,,0,0,19500,11.99,0,0
2122,I am currently enrolled,Yes,FALSE,3rd Year Undergraduate,No,736,0,3.45,11500,13.99,0,0
2124,I am currently enrolled,No,FALSE,Beyond 3rd Year Graduate,Yes,650,,3.2,4000,11.99,0,0
2125,I am currently enrolled,No,FALSE,1st Year Graduate,Yes,,0,0,25000,11.99,0,0
2126,I am currently enrolled,Yes,FALSE,2nd Year Graduate,No,,750,3.5,3000,11.99,0,0.6
2127,I am currently enrolled,Yes,FALSE,Beyond 3rd Year Graduate,Yes,643,0,4,16000,11.99,0,0.6
2128,I am currently enrolled,No,FALSE,1st Year Graduate,No,,,0,10000,11.99,0,#N/A
2129,I am currently enrolled,Yes,FALSE,1st Year Graduate,Yes,628,0,0,24500,11.99,0,0
2135,I am currently enrolled,Yes,FALSE,1st Year Graduate,No,,0,3.55,16000,11.99,0,0
2136,I am currently enrolled,Yes,FALSE,1st Year Graduate,Yes,,0,3.83,25000,11.99,0,0
2138,I am currently enrolled,No,FALSE,1st Year Graduate,No,,0,4,20000,11.99,0,0
2144,I am currently enrolled,No,FALSE,1st Year Graduate,Yes,,,0,25000,11.99,0,0
2145,I am currently enrolled,Yes,FALSE,1st Year Graduate,Yes,,0,0,15000,11.99,0,#N/A
2147,I am currently enrolled,Yes,FALSE,4th Year Undergraduate,Yes,640,0,3,25000,13.99,0,0
2148,I am currently enrolled,Yes,FALSE,1st Year Graduate,No,754,0,4,7000,11.99,0,0
2149,I am currently enrolled,No,FALSE,1st Year Graduate,Yes,,0,2.5,25000,11.99,0,0
2150,I am currently enrolled,No,FALSE,1st Year Graduate,No,,0,0,25000,11.99,0,0
2151,I am currently enrolled,Yes,FALSE,2nd Year Graduate,No,,0,0,6415,11.99,0,0
2152,I am currently enrolled,Yes,FALSE,4th Year Undergraduate,Yes,614,0,3.2,6173,13.99,0,0
2153,I am currently enrolled,Yes,FALSE,2nd Year Graduate,No,,0,3.75,19322,11.99,0,0
2154,I am currently enrolled,No,FALSE,2nd Year Graduate,Yes,653,0,0,21000,11.99,0,0
2155,I have been accepted to study,No,FALSE,1st Year Graduate,No,,,0,25000,11.99,0,0
2156,I am currently enrolled,Yes,FALSE,1st Year Graduate,Yes,711,0,3,12000,11.99,0,0
2157,I am currently enrolled,Yes,FALSE,2nd Year Graduate,No,,0,3.54,16000,11.99,0,0
2158,I am currently enrolled,Yes,FALSE,2nd Year Graduate,Yes,698,671,3.2,9000,11.99,0,0
2159,I am currently enrolled,Yes,FALSE,2nd Year Graduate,Yes,689,711,3.72,12000,11.99,0,0
2161,I am currently enrolled,Yes,FALSE,2nd Year Graduate,Yes,650,0,3.7,11000,11.99,0,1.1
2162,I am currently enrolled,Yes,FALSE,2nd Year Graduate,Yes,661,622,0,15600,11.99,0,0
2163,I am currently enrolled,No,TRUE,3rd Year Undergraduate,No,659,0,3.22,5674,9.99,0,#N/A
2164,I am currently enrolled,Yes,FALSE,1st Year Graduate,Yes,,0,0,25000,11.99,0,1.3
2165,I am currently enrolled,No,FALSE,1st Year Graduate,No,,,3.7,25000,11.99,0,0
2167,I am currently enrolled,Yes,FALSE,2nd Year Graduate,Yes,,0,3.55,25000,11.99,0,0
2168,I am currently enrolled,No,FALSE,1st Year Graduate,Yes,723,0,4,25000,11.99,0,0
2169,I am currently enrolled,Yes,FALSE,2nd Year Graduate,Yes,,0,3,10000,11.99,0,0.2
2171,I am currently enrolled,Yes,TRUE,4th Year Undergraduate,Yes,,0,3.13,18000,9.99,0,0
2172,I am currently enrolled,No,FALSE,1st Year Graduate,Yes,694,,3,17600,11.99,0,0
2173,I am currently enrolled,Yes,FALSE,1st Year Graduate,Yes,639,0,0,16000,11.99,0,0
2174,I am currently enrolled,No,FALSE,2nd Year Graduate,No,687,0,0,25000,11.99,0,0
2175,I am currently enrolled,Yes,FALSE,1st Year Graduate,No,741,0,0,10300,11.99,0,0
2176,I am currently enrolled,Yes,TRUE,1st Year Undergraduate,No,,0,3.2,3185,9.99,0,0
2180,I am currently enrolled,Yes,TRUE,1st Year Graduate,Yes,,0,3.2,20000,7.99,0,0
2182,I have been accepted to study,No,FALSE,1st Year Graduate,Yes,,0,0,25000,11.99,0,0
2183,I am currently enrolled,No,FALSE,1st Year Graduate,No,,0,0,4134,7.99,0,0
2184,I am currently enrolled,Yes,FALSE,3rd Year Graduate,No,686,0,3.31,17725,11.99,0,0
2185,I am currently enrolled,No,FALSE,2nd Year Graduate,No,726,0,3.67,13000,11.99,0,0
2186,I am currently enrolled,Yes,FALSE,3rd Year Graduate,No,661,0,3.48,15000,11.99,0,0
2187,I am currently enrolled,No,FALSE,1st Year Graduate,No,,0,0,25000,11.99,0,0.7
2188,I am currently enrolled,Yes,FALSE,3rd Year Undergraduate,Yes,675,0,3.31,25000,13.99,0,0
2190,I am currently enrolled,Yes,FALSE,1st Year Graduate,Yes,,0,0,21000,11.99,0,0
2191,I am currently enrolled,No,FALSE,1st Year Graduate,Yes,,0,0,17000,11.99,0,0
2195,I am currently enrolled,Yes,FALSE,2nd Year Graduate,Yes,742,733,3.7,6000,11.99,0,0
2198,I have been accepted to study,Yes,FALSE,1st Year Graduate,No,,0,0,20000,11.99,0,0.3
2199,I am currently enrolled,Yes,FALSE,4th Year Undergraduate,Yes,,0,3.89,25000,13.99,0,0
2200,I am currently enrolled,Yes,FALSE,4th Year Undergraduate,Yes,641,0,3.28,25000,13.99,0,0
2201,I am currently enrolled,Yes,FALSE,4th Year Undergraduate,Yes,,0,3.2,15000,13.99,0,0
2203,I am currently enrolled,No,FALSE,1st Year Graduate,No,733,0,0,25000,11.99,0,0
2204,I am currently enrolled,Yes,FALSE,4th Year Undergraduate,No,,0,3.6,5000,13.99,0,1.8
2207,I am currently enrolled,Yes,FALSE,1st Year Graduate,Yes,754,774,3.75,16800,11.99,0,0
2208,I have been accepted to study,Yes,FALSE,1st Year Graduate,Yes,,0,0,25000,11.99,0,0
2209,I am currently enrolled,Yes,FALSE,3rd Year Graduate,No,720,0,0,14662,11.99,0,0
2210,I am currently enrolled,Yes,FALSE,2nd Year Graduate,No,,0,0,18000,11.99,0,0
2211,I am currently enrolled,No,FALSE,1st Year Graduate,Yes,,688,0,10000,11.99,0,0
2212,I am currently enrolled,Yes,TRUE,4th Year Undergraduate,Yes,,,3.13,5000,9.99,0,1.9
2213,I am currently enrolled,No,FALSE,Select enrollment status,Yes,631,0,3.84,5000,11.99,0,0.2
2214,I have been accepted to study,Yes,FALSE,3rd Year Undergraduate,No,,0,0,23500,13.99,0,0
2215,I am currently enrolled,Yes,FALSE,1st Year Graduate,No,,0,3.67,23723,11.99,0,0
2217,I am currently enrolled,Yes,FALSE,1st Year Graduate,No,,,0,18615,11.99,0,0
2218,I am currently enrolled,Yes,FALSE,2nd Year Graduate,Yes,692,0,4,6000,11.99,0,0
2219,I am currently enrolled,No,FALSE,1st Year Graduate,No,,,4,4500,11.99,0,0.2
2221,I am currently enrolled,No,FALSE,Beyond 3rd Year Graduate,No,,0,0,25000,11.99,0,0
2222,I am currently enrolled,Yes,FALSE,4th Year Undergraduate,No,,0,3.3,25000,13.99,0,0
2223,I am currently enrolled,Yes,FALSE,2nd Year Graduate,Yes,739,0,3.53,8400,11.99,0,0
2224,I am currently enrolled,No,FALSE,2nd Year Graduate,No,650,0,3.05,20000,11.99,0,0
2226,I am currently enrolled,Yes,FALSE,1st Year Graduate,Yes,,0,3.7,13409,11.99,0,0
2227,I have been accepted to study,Yes,FALSE,1st Year Graduate,No,678,0,0,20000,11.99,0,0
2228,I am currently enrolled,Yes,FALSE,1st Year Graduate,Yes,662,0,3.85,25000,11.99,0,0
2229,I am currently enrolled,Yes,FALSE,2nd Year Graduate,No,783,0,2.82,25000,11.99,0,0
2230,I am currently enrolled,Yes,FALSE,1st Year Graduate,Yes,665,0,3.35,5000,11.99,0,#N/A
2231,I am currently enrolled,No,FALSE,1st Year Graduate,Yes,,0,3.65,15500,11.99,0,0
2232,I am currently enrolled,No,FALSE,1st Year Graduate,No,,0,0,18500,11.99,0,0
2234,I have been accepted to study,Yes,FALSE,2nd Year Graduate,No,639,0,3.31,8000,11.99,0,0
2235,I am currently enrolled,No,FALSE,1st Year Graduate,Yes,,0,0,3000,11.99,0,0
2236,I am currently enrolled,No,FALSE,1st Year Graduate,No,,0,0,10000,11.99,0,0
2238,I am currently enrolled,Yes,FALSE,2nd Year Graduate,No,637,0,3.47,22000,11.99,0,0.6
2239,I am currently enrolled,Yes,FALSE,2nd Year Graduate,No,720,0,0,25000,11.99,0,0
2240,I am currently enrolled,No,FALSE,2nd Year Graduate,Yes,751,0,3.89,10000,11.99,0,0
2241,I am currently enrolled,No,FALSE,4th Year Undergraduate,Yes,,0,3.64,25000,13.99,0,0
2242,I am currently enrolled,Yes,FALSE,1st Year Graduate,No,691,0,3.3,7000,11.99,0,0
2243,I am currently enrolled,Yes,FALSE,2nd Year Graduate,No,,,0,25000,11.99,0,0
2244,I am currently enrolled,Yes,FALSE,1st Year Graduate,Yes,729,0,3.9,20000,11.99,0,0
2246,I am currently enrolled,No,FALSE,1st Year Graduate,Yes,,0,0,25000,11.99,0,0
2250,I am currently enrolled,Yes,FALSE,4th Year Undergraduate,Yes,731,0,3.15,25000,13.99,0,0
2251,I am currently enrolled,No,FALSE,1st Year Graduate,No,,,0,20866,7.99,0,0
2254,I am currently enrolled,No,FALSE,2nd Year Graduate,No,647,0,3.5,4975,11.99,0,0
2255,I am currently enrolled,Yes,FALSE,4th Year Undergraduate,Yes,,,0,12500,13.99,0,0
2262,I am currently enrolled,Yes,FALSE,2nd Year Graduate,No,659,0,3.42,5000,11.99,0,0
2263,I have been accepted to study,Yes,FALSE,1st Year Graduate,No,,0,3.92,17000,11.99,0,0
2264,I am currently enrolled,No,FALSE,5th Year Undergraduate,Yes,,0,2.71,20000,13.99,0,0
2266,I am currently enrolled,Yes,FALSE,1st Year Graduate,No,,0,0,18000,11.99,0,0
2267,I am currently enrolled,Yes,FALSE,4th Year Undergraduate,Yes,680,0,2.6,17500,13.99,0,0
2268,I am currently enrolled,Yes,FALSE,2nd Year Graduate,Yes,733,0,3.6,7000,11.99,0,0
2270,I am currently enrolled,No,FALSE,1st Year Graduate,No,,0,3.66,13200,11.99,0,0
2271,I am currently enrolled,Yes,FALSE,1st Year Graduate,Yes,743,0,0,8500,11.99,0,0
2273,I am currently enrolled,No,FALSE,4th Year Undergraduate,Yes,,0,3.72,10000,13.99,0,0
2275,I am currently enrolled,Yes,FALSE,1st Year Graduate,No,,0,4,10000,11.99,0,0
2276,I am currently enrolled,Yes,FALSE,5th Year Undergraduate,Yes,,,3.33,13021,13.99,0,0.7
2277,I am currently enrolled,Yes,FALSE,3rd Year Graduate,No,739,0,0,13000,11.99,0,0
2278,I am currently enrolled,No,FALSE,4th Year Undergraduate,No,,0,2.7,7000,13.99,0,0
2280,I am currently enrolled,Yes,FALSE,1st Year Graduate,No,,0,3.53,25000,11.99,0,0
2283,I am currently enrolled,No,FALSE,2nd Year Graduate,No,695,0,3.11,19691,11.99,0,0
2286,I am currently enrolled,Yes,FALSE,2nd Year Graduate,No,713,0,3.2,15000,11.99,0,0
2287,I am currently enrolled,Yes,FALSE,2nd Year Graduate,No,732,0,3.95,25000,11.99,0,0
2288,I am currently enrolled,Yes,FALSE,2nd Year Graduate,No,618,,3.48,3066,11.99,0,#N/A
2289,I am currently enrolled,Yes,FALSE,1st Year Graduate,Yes,,0,0,8710,11.99,0,0
2293,I am currently enrolled,Yes,FALSE,1st Year Graduate,Yes,,0,3.85,10000,11.99,0,0
2294,I have been accepted to study,Yes,FALSE,1st Year Graduate,Yes,672,0,0,25000,11.99,0,0
2297,I am currently enrolled,Yes,FALSE,2nd Year Graduate,No,757,0,3.1,10000,11.99,0,0
2300,I am currently enrolled,Yes,FALSE,2nd Year Graduate,Yes,683,0,3.67,18000,11.99,0,0
2302,I am currently enrolled,Yes,FALSE,2nd Year Graduate,Yes,683,0,3.67,18000,11.99,0,0
2304,I am currently enrolled,Yes,FALSE,2nd Year Graduate,Yes,624,0,3.39,5000,11.99,0,0
2305,I am currently enrolled,Yes,FALSE,2nd Year Graduate,No,696,0,3.25,8000,11.99,0,0
2308,I am currently enrolled,Yes,FALSE,2nd Year Graduate,No,,0,3.5,19560,11.99,0,0
2309,I am currently enrolled,Yes,FALSE,1st Year Graduate,No,,0,0,18000,11.99,0,0
2310,I am currently enrolled,Yes,FALSE,2nd Year Graduate,Yes,,0,3.35,12500,11.99,0,0
2311,I am currently enrolled,Yes,FALSE,2nd Year Graduate,Yes,698,,3.42,5000,11.99,0,0
2313,I am currently enrolled,Yes,FALSE,4th Year Undergraduate,No,,0,3.55,3519,13.99,0,0
2316,I am currently enrolled,Yes,FALSE,3rd Year Graduate,No,606,0,3.9,10500,11.99,0,0
2317,I am currently enrolled,Yes,FALSE,2nd Year Graduate,No,764,0,3.78,8000,11.99,0,0
2318,I am currently enrolled,No,FALSE,2nd Year Graduate,No,687,,0,25000,11.99,0,0
2320,I am currently enrolled,No,FALSE,1st Year Graduate,No,,0,0,4000,11.99,0,0
2329,I am currently enrolled,No,FALSE,1st Year Graduate,Yes,,0,0,23000,11.99,0,0
